tx_id,rx_id,link_type,edge_index
UAV_0,RSU_0,U2I,0
UAV_0,RSU_1,U2I,1
UAV_0,RSU_2,U2I,2
UAV_0,RSU_3,U2I,3
UAV_1,RSU_0,U2I,4
UAV_1,RSU_1,U2I,5
UAV_1,RSU_2,U2I,6
UAV_1,RSU_3,U2I,7
vehicle_0,RSU_0,V2I,8
vehicle_0,RSU_1,V2I,9
vehicle_0,RSU_2,V2I,10
vehicle_0,RSU_3,V2I,11
vehicle_1,RSU_0,V2I,12
vehicle_1,RSU_1,V2I,13
vehicle_1,RSU_2,V2I,14
vehicle_1,RSU_3,V2I,15
vehicle_10,RSU_0,V2I,16
vehicle_10,RSU_1,V2I,17
vehicle_10,RSU_2,V2I,18
vehicle_10,RSU_3,V2I,19
vehicle_11,RSU_0,V2I,20
vehicle_11,RSU_1,V2I,21
vehicle_11,RSU_2,V2I,22
vehicle_11,RSU_3,V2I,23
vehicle_12,RSU_0,V2I,24
vehicle_12,RSU_1,V2I,25
vehicle_12,RSU_2,V2I,26
vehicle_12,RSU_3,V2I,27
vehicle_13,RSU_0,V2I,28
vehicle_13,RSU_1,V2I,29
vehicle_13,RSU_2,V2I,30
vehicle_13,RSU_3,V2I,31
vehicle_14,RSU_0,V2I,32
vehicle_14,RSU_1,V2I,33
vehicle_14,RSU_2,V2I,34
vehicle_14,RSU_3,V2I,35
vehicle_15,RSU_0,V2I,36
vehicle_15,RSU_1,V2I,37
vehicle_15,RSU_2,V2I,38
vehicle_15,RSU_3,V2I,39
vehicle_16,RSU_0,V2I,40
vehicle_16,RSU_1,V2I,41
vehicle_16,RSU_2,V2I,42
vehicle_16,RSU_3,V2I,43
vehicle_17,RSU_0,V2I,44
vehicle_17,RSU_1,V2I,45
vehicle_17,RSU_2,V2I,46
vehicle_17,RSU_3,V2I,47
vehicle_18,RSU_0,V2I,48
vehicle_18,RSU_1,V2I,49
vehicle_18,RSU_2,V2I,50
vehicle_18,RSU_3,V2I,51
vehicle_19,RSU_0,V2I,52
vehicle_19,RSU_1,V2I,53
vehicle_19,RSU_2,V2I,54
vehicle_19,RSU_3,V2I,55
vehicle_2,RSU_0,V2I,56
vehicle_2,RSU_1,V2I,57
vehicle_2,RSU_2,V2I,58
vehicle_2,RSU_3,V2I,59
vehicle_20,RSU_0,V2I,60
vehicle_20,RSU_1,V2I,61
vehicle_20,RSU_2,V2I,62
vehicle_20,RSU_3,V2I,63
vehicle_21,RSU_0,V2I,64
vehicle_21,RSU_1,V2I,65
vehicle_21,RSU_2,V2I,66
vehicle_21,RSU_3,V2I,67
vehicle_22,RSU_0,V2I,68
vehicle_22,RSU_1,V2I,69
vehicle_22,RSU_2,V2I,70
vehicle_22,RSU_3,V2I,71
vehicle_23,RSU_0,V2I,72
vehicle_23,RSU_1,V2I,73
vehicle_23,RSU_2,V2I,74
vehicle_23,RSU_3,V2I,75
vehicle_24,RSU_0,V2I,76
vehicle_24,RSU_1,V2I,77
vehicle_24,RSU_2,V2I,78
vehicle_24,RSU_3,V2I,79
vehicle_25,RSU_0,V2I,80
vehicle_25,RSU_1,V2I,81
vehicle_25,RSU_2,V2I,82
vehicle_25,RSU_3,V2I,83
vehicle_26,RSU_0,V2I,84
vehicle_26,RSU_1,V2I,85
vehicle_26,RSU_2,V2I,86
vehicle_26,RSU_3,V2I,87
vehicle_27,RSU_0,V2I,88
vehicle_27,RSU_1,V2I,89
vehicle_27,RSU_2,V2I,90
vehicle_27,RSU_3,V2I,91
vehicle_28,RSU_0,V2I,92
vehicle_28,RSU_1,V2I,93
vehicle_28,RSU_2,V2I,94
vehicle_28,RSU_3,V2I,95
vehicle_29,RSU_0,V2I,96
vehicle_29,RSU_1,V2I,97
vehicle_29,RSU_2,V2I,98
vehicle_29,RSU_3,V2I,99
vehicle_3,RSU_0,V2I,100
vehicle_3,RSU_1,V2I,101
vehicle_3,RSU_2,V2I,102
vehicle_3,RSU_3,V2I,103
vehicle_4,RSU_0,V2I,104
vehicle_4,RSU_1,V2I,105
vehicle_4,RSU_2,V2I,106
vehicle_4,RSU_3,V2I,107
vehicle_5,RSU_0,V2I,108
vehicle_5,RSU_1,V2I,109
vehicle_5,RSU_2,V2I,110
vehicle_5,RSU_3,V2I,111
vehicle_6,RSU_0,V2I,112
vehicle_6,RSU_1,V2I,113
vehicle_6,RSU_2,V2I,114
vehicle_6,RSU_3,V2I,115
vehicle_7,RSU_0,V2I,116
vehicle_7,RSU_1,V2I,117
vehicle_7,RSU_2,V2I,118
vehicle_7,RSU_3,V2I,119
vehicle_8,RSU_0,V2I,120
vehicle_8,RSU_1,V2I,121
vehicle_8,RSU_2,V2I,122
vehicle_8,RSU_3,V2I,123
vehicle_9,RSU_0,V2I,124
vehicle_9,RSU_1,V2I,125
vehicle_9,RSU_2,V2I,126
vehicle_9,RSU_3,V2I,127
vehicle_0,UAV_0,V2U,128
vehicle_0,UAV_1,V2U,129
vehicle_1,UAV_0,V2U,130
vehicle_1,UAV_1,V2U,131
vehicle_10,UAV_0,V2U,132
vehicle_10,UAV_1,V2U,133
vehicle_11,UAV_0,V2U,134
vehicle_11,UAV_1,V2U,135
vehicle_12,UAV_0,V2U,136
vehicle_12,UAV_1,V2U,137
vehicle_13,UAV_0,V2U,138
vehicle_13,UAV_1,V2U,139
vehicle_14,UAV_0,V2U,140
vehicle_14,UAV_1,V2U,141
vehicle_15,UAV_0,V2U,142
vehicle_15,UAV_1,V2U,143
vehicle_16,UAV_0,V2U,144
vehicle_16,UAV_1,V2U,145
vehicle_17,UAV_0,V2U,146
vehicle_17,UAV_1,V2U,147
vehicle_18,UAV_0,V2U,148
vehicle_18,UAV_1,V2U,149
vehicle_19,UAV_0,V2U,150
vehicle_19,UAV_1,V2U,151
vehicle_2,UAV_0,V2U,152
vehicle_2,UAV_1,V2U,153
vehicle_20,UAV_0,V2U,154
vehicle_20,UAV_1,V2U,155
vehicle_21,UAV_0,V2U,156
vehicle_21,UAV_1,V2U,157
vehicle_22,UAV_0,V2U,158
vehicle_22,UAV_1,V2U,159
vehicle_23,UAV_0,V2U,160
vehicle_23,UAV_1,V2U,161
vehicle_24,UAV_0,V2U,162
vehicle_24,UAV_1,V2U,163
vehicle_25,UAV_0,V2U,164
vehicle_25,UAV_1,V2U,165
vehicle_26,UAV_0,V2U,166
vehicle_26,UAV_1,V2U,167
vehicle_27,UAV_0,V2U,168
vehicle_27,UAV_1,V2U,169
vehicle_28,UAV_0,V2U,170
vehicle_28,UAV_1,V2U,171
vehicle_29,UAV_0,V2U,172
vehicle_29,UAV_1,V2U,173
vehicle_3,UAV_0,V2U,174
vehicle_3,UAV_1,V2U,175
vehicle_4,UAV_0,V2U,176
vehicle_4,UAV_1,V2U,177
vehicle_5,UAV_0,V2U,178
vehicle_5,UAV_1,V2U,179
vehicle_6,UAV_0,V2U,180
vehicle_6,UAV_1,V2U,181
vehicle_7,UAV_0,V2U,182
vehicle_7,UAV_1,V2U,183
vehicle_8,UAV_0,V2U,184
vehicle_8,UAV_1,V2U,185
vehicle_9,UAV_0,V2U,186
vehicle_9,UAV_1,V2U,187
