experiment,relative_path,disposition,referenced,has_checkpoint,has_structured_result,file_count,size_bytes,reason
airfogsim_v0,代码\artifacts\experiments\airfogsim_v0,retain,true,true,true,3488,1603973299,referenced by active code or documentation
pi_jwm_609_group_meeting,代码\artifacts\experiments\pi_jwm_609_group_meeting,retain,true,false,true,2,44828,referenced by active code or documentation
pi_jwm_v10_action_aligned_20260619,代码\artifacts\experiments\pi_jwm_v10_action_aligned_20260619,retain,true,true,true,12,2895864,referenced by active code or documentation
pi_jwm_v10_fair_first_step_gpu_20260620,代码\artifacts\experiments\pi_jwm_v10_fair_first_step_gpu_20260620,retain,false,false,true,5,970347,retained evidence or conservative default
pi_jwm_v10_policy_bridge_codebook_gpu_20260620,代码\artifacts\experiments\pi_jwm_v10_policy_bridge_codebook_gpu_20260620,retain,false,false,true,19,57698,retained evidence or conservative default
pi_jwm_v10_policy_bridge_codebook_refine_gpu_20260620,代码\artifacts\experiments\pi_jwm_v10_policy_bridge_codebook_refine_gpu_20260620,retain,false,false,true,21,63974,retained evidence or conservative default
pi_jwm_v10_policy_bridge_decoder_gpu_20260620,代码\artifacts\experiments\pi_jwm_v10_policy_bridge_decoder_gpu_20260620,retain,false,false,true,11,33814,retained evidence or conservative default
pi_jwm_v10_policy_bridge_gpu_20260620,代码\artifacts\experiments\pi_jwm_v10_policy_bridge_gpu_20260620,retain,true,true,true,7,499967,referenced by active code or documentation
pi_jwm_v10_policy_bridge_value_decoder_gpu_20260620,代码\artifacts\experiments\pi_jwm_v10_policy_bridge_value_decoder_gpu_20260620,retain,false,false,true,6,17508,retained evidence or conservative default
pi_jwm_v10_policy_bridge_value_scale_gpu_20260620,代码\artifacts\experiments\pi_jwm_v10_policy_bridge_value_scale_gpu_20260620,retain,false,false,true,8,23113,retained evidence or conservative default
pi_jwm_v10_policy_bridge_value_specialist_gpu_20260620,代码\artifacts\experiments\pi_jwm_v10_policy_bridge_value_specialist_gpu_20260620,retain,false,false,true,5,13951,retained evidence or conservative default
pi_jwm_v10_policy_bridge_value_sweep_gpu_20260620,代码\artifacts\experiments\pi_jwm_v10_policy_bridge_value_sweep_gpu_20260620,retain,false,false,true,11,34034,retained evidence or conservative default
pi_jwm_v10_policy_bridge_world_aware_scale_gpu_20260620,代码\artifacts\experiments\pi_jwm_v10_policy_bridge_world_aware_scale_gpu_20260620,retain,false,false,true,11,33865,retained evidence or conservative default
pi_jwm_v11_activity_f1_backfill_20260622,代码\artifacts\experiments\pi_jwm_v11_activity_f1_backfill_20260622,retain,false,false,true,2,7643,retained evidence or conservative default
pi_jwm_v11_adaptive_bridge_confirm_rbcpu450_20260621,代码\artifacts\experiments\pi_jwm_v11_adaptive_bridge_confirm_rbcpu450_20260621,retain,false,false,true,1,2919,retained evidence or conservative default
pi_jwm_v11_adaptive_bridge_gatesweep_20260621,代码\artifacts\experiments\pi_jwm_v11_adaptive_bridge_gatesweep_20260621,retain,false,false,true,11,28978,retained evidence or conservative default
pi_jwm_v11_adaptive_bridge_rbcpu_neighborhood_20260621,代码\artifacts\experiments\pi_jwm_v11_adaptive_bridge_rbcpu_neighborhood_20260621,retain,false,false,true,8,18268,retained evidence or conservative default
pi_jwm_v11_adaptive_bridge_smoke_20260621,代码\artifacts\experiments\pi_jwm_v11_adaptive_bridge_smoke_20260621,manual-review,false,false,true,1,2662,transient-looking run retains checkpoint or structured result
pi_jwm_v11_adaptive_candidate_oracle_cpu384_20260629,代码\artifacts\experiments\pi_jwm_v11_adaptive_candidate_oracle_cpu384_20260629,retain,false,false,true,3,21972,retained evidence or conservative default
pi_jwm_v11_adaptive_gate_feature_sweep_cpu_20260621,代码\artifacts\experiments\pi_jwm_v11_adaptive_gate_feature_sweep_cpu_20260621,retain,false,false,true,3,6538,retained evidence or conservative default
pi_jwm_v11_adaptive_gate_high_active_confirm_cpu_20260621,代码\artifacts\experiments\pi_jwm_v11_adaptive_gate_high_active_confirm_cpu_20260621,retain,false,false,true,23,74412,retained evidence or conservative default
pi_jwm_v11_adaptive_gate_reconfirm_cpu_20260629,代码\artifacts\experiments\pi_jwm_v11_adaptive_gate_reconfirm_cpu_20260629,retain,false,false,true,6,13714,retained evidence or conservative default
pi_jwm_v11_adaptive_gate_refine_cpu_20260629,代码\artifacts\experiments\pi_jwm_v11_adaptive_gate_refine_cpu_20260629,retain,false,false,true,40,127019,retained evidence or conservative default
pi_jwm_v11_adaptive_gate_rule_sweep_cpu_20260621,代码\artifacts\experiments\pi_jwm_v11_adaptive_gate_rule_sweep_cpu_20260621,retain,true,false,true,33,109107,referenced by active code or documentation
pi_jwm_v11_adaptive_gate_rule_sweep_cpu_smoke_20260621,代码\artifacts\experiments\pi_jwm_v11_adaptive_gate_rule_sweep_cpu_smoke_20260621,manual-review,false,false,true,3,3731,transient-looking run retains checkpoint or structured result
pi_jwm_v11_adaptive_gate_rule_targeted_cpu_20260621,代码\artifacts\experiments\pi_jwm_v11_adaptive_gate_rule_targeted_cpu_20260621,retain,false,false,true,17,52219,retained evidence or conservative default
pi_jwm_v11_adaptive_gate_threshold_cpu_smoke_20260629,代码\artifacts\experiments\pi_jwm_v11_adaptive_gate_threshold_cpu_smoke_20260629,manual-review,false,true,true,2,5807,transient-looking run retains checkpoint or structured result
pi_jwm_v11_adaptive_gate_threshold_gpu_e3_fixref_20260621,代码\artifacts\experiments\pi_jwm_v11_adaptive_gate_threshold_gpu_e3_fixref_20260621,retain,false,false,true,1,3074,retained evidence or conservative default
pi_jwm_v11_base_policy_tournament_512_20260626,代码\artifacts\experiments\pi_jwm_v11_base_policy_tournament_512_20260626,retain,false,false,true,3,79258,retained evidence or conservative default
pi_jwm_v11_base_policy_tournament_refine_top32_cpu_20260629,代码\artifacts\experiments\pi_jwm_v11_base_policy_tournament_refine_top32_cpu_20260629,retain,false,false,true,3,54165,retained evidence or conservative default
pi_jwm_v11_base_policy_tournament_smoke_20260626,代码\artifacts\experiments\pi_jwm_v11_base_policy_tournament_smoke_20260626,manual-review,false,false,true,3,5504,transient-looking run retains checkpoint or structured result
pi_jwm_v11_branch_support_value_focus_1024_20260628,代码\artifacts\experiments\pi_jwm_v11_branch_support_value_focus_1024_20260628,retain,true,false,false,0,0,referenced by active code or documentation
pi_jwm_v11_branch_support_value_focus_256_20260628,代码\artifacts\experiments\pi_jwm_v11_branch_support_value_focus_256_20260628,retain,false,false,true,4,36034,retained evidence or conservative default
pi_jwm_v11_branch_support_value_focus_tiny_20260628,代码\artifacts\experiments\pi_jwm_v11_branch_support_value_focus_tiny_20260628,retain,false,false,true,4,14044,retained evidence or conservative default
pi_jwm_v11_branch_template_value_selector_cpu_20260629,代码\artifacts\experiments\pi_jwm_v11_branch_template_value_selector_cpu_20260629,retain,false,false,true,4,205763,retained evidence or conservative default
pi_jwm_v11_branch_template_value_selector_cpu_triage_20260628,代码\artifacts\experiments\pi_jwm_v11_branch_template_value_selector_cpu_triage_20260628,retain,true,false,true,4,278788,referenced by active code or documentation
pi_jwm_v11_branch_template_value_selector_cpu_triage_refresh_20260628,代码\artifacts\experiments\pi_jwm_v11_branch_template_value_selector_cpu_triage_refresh_20260628,retain,false,false,true,4,194622,retained evidence or conservative default
pi_jwm_v11_branch_template_value_selector_refresh_20260629,代码\artifacts\experiments\pi_jwm_v11_branch_template_value_selector_refresh_20260629,retain,false,false,true,4,205984,retained evidence or conservative default
pi_jwm_v11_branch_template_value_selector_refresh_smoke_included_20260629,代码\artifacts\experiments\pi_jwm_v11_branch_template_value_selector_refresh_smoke_included_20260629,manual-review,false,false,true,4,212067,transient-looking run retains checkpoint or structured result
pi_jwm_v11_bridge_calibration_sweep_narrow_20260620,代码\artifacts\experiments\pi_jwm_v11_bridge_calibration_sweep_narrow_20260620,retain,false,false,true,33,139688,retained evidence or conservative default
pi_jwm_v11_bridge_calibration_sweep_smoke_20260620,代码\artifacts\experiments\pi_jwm_v11_bridge_calibration_sweep_smoke_20260620,manual-review,false,false,true,5,9554,transient-looking run retains checkpoint or structured result
pi_jwm_v11_bridge_calibration_sweep_train_median_fine_20260620,代码\artifacts\experiments\pi_jwm_v11_bridge_calibration_sweep_train_median_fine_20260620,retain,false,false,true,11,38016,retained evidence or conservative default
pi_jwm_v11_cem_planner_refiner_256_20260628,代码\artifacts\experiments\pi_jwm_v11_cem_planner_refiner_256_20260628,retain,true,false,true,4,32305,referenced by active code or documentation
pi_jwm_v11_cem_planner_refiner_smoke_20260627,代码\artifacts\experiments\pi_jwm_v11_cem_planner_refiner_smoke_20260627,manual-review,false,false,true,4,6999,transient-looking run retains checkpoint or structured result
pi_jwm_v11_conservative_alpha_cpu384_20260629,代码\artifacts\experiments\pi_jwm_v11_conservative_alpha_cpu384_20260629,retain,false,false,true,4,359956,retained evidence or conservative default
pi_jwm_v11_conservative_newedge_cpu384_20260629,代码\artifacts\experiments\pi_jwm_v11_conservative_newedge_cpu384_20260629,retain,false,false,true,4,75153,retained evidence or conservative default
pi_jwm_v11_continuous_policy_active_value_weight_cpu512_e5_20260629,代码\artifacts\experiments\pi_jwm_v11_continuous_policy_active_value_weight_cpu512_e5_20260629,retain,false,true,true,5,345618,retained evidence or conservative default
pi_jwm_v11_continuous_policy_active_value_weight_cpu_smoke_20260629,代码\artifacts\experiments\pi_jwm_v11_continuous_policy_active_value_weight_cpu_smoke_20260629,manual-review,false,true,true,8,353855,transient-looking run retains checkpoint or structured result
pi_jwm_v11_continuous_policy_activity_active_value_weight_cpu512_e5_20260629,代码\artifacts\experiments\pi_jwm_v11_continuous_policy_activity_active_value_weight_cpu512_e5_20260629,retain,false,true,true,5,345682,retained evidence or conservative default
pi_jwm_v11_continuous_policy_baseline_cpu_smoke_20260629,代码\artifacts\experiments\pi_jwm_v11_continuous_policy_baseline_cpu_smoke_20260629,manual-review,false,true,true,4,340327,transient-looking run retains checkpoint or structured result
pi_jwm_v11_coupled_tokens_cpu_audit_20260620,代码\artifacts\experiments\pi_jwm_v11_coupled_tokens_cpu_audit_20260620,retain,false,false,true,2,15048,retained evidence or conservative default
pi_jwm_v11_coupled_tokens_cpu_full5_h64_20260620,代码\artifacts\experiments\pi_jwm_v11_coupled_tokens_cpu_full5_h64_20260620,retain,false,true,true,7,1417943,retained evidence or conservative default
pi_jwm_v11_coupled_tokens_cpu_probe_1024x3_20260620,代码\artifacts\experiments\pi_jwm_v11_coupled_tokens_cpu_probe_1024x3_20260620,manual-review,false,true,true,7,1416291,transient-looking run retains checkpoint or structured result
pi_jwm_v11_coupled_tokens_cpu_smoke,代码\artifacts\experiments\pi_jwm_v11_coupled_tokens_cpu_smoke,manual-review,false,true,true,7,462261,transient-looking run retains checkpoint or structured result
pi_jwm_v11_coupled_tokens_edge_head_cpu384_e3_20260629,代码\artifacts\experiments\pi_jwm_v11_coupled_tokens_edge_head_cpu384_e3_20260629,retain,false,true,true,7,1772188,retained evidence or conservative default
pi_jwm_v11_coupled_tokens_gpu_early_h64_e5_20260620,代码\artifacts\experiments\pi_jwm_v11_coupled_tokens_gpu_early_h64_e5_20260620,retain,true,true,true,9,1422691,referenced by active code or documentation
pi_jwm_v11_cpu_multischeme_stage2_posthoc_sweep4_20260621,代码\artifacts\experiments\pi_jwm_v11_cpu_multischeme_stage2_posthoc_sweep4_20260621,retain,false,false,true,7,18660,retained evidence or conservative default
pi_jwm_v11_cpu_recovered_v10_codebook_finesweep2_20260621,代码\artifacts\experiments\pi_jwm_v11_cpu_recovered_v10_codebook_finesweep2_20260621,retain,false,false,true,15,51778,retained evidence or conservative default
pi_jwm_v11_cpu_recovered_v10_codebook_finesweep_20260621,代码\artifacts\experiments\pi_jwm_v11_cpu_recovered_v10_codebook_finesweep_20260621,retain,false,false,true,19,68630,retained evidence or conservative default
pi_jwm_v11_cpu_recovered_v10_codebook_neighborhood_20260621,代码\artifacts\experiments\pi_jwm_v11_cpu_recovered_v10_codebook_neighborhood_20260621,retain,false,false,true,12,38967,retained evidence or conservative default
pi_jwm_v11_cpu_recovered_v10_confirm_thr038_s1055_20260621,代码\artifacts\experiments\pi_jwm_v11_cpu_recovered_v10_confirm_thr038_s1055_20260621,retain,false,false,true,1,3190,retained evidence or conservative default
pi_jwm_v11_cpu_recovered_v10_repro_k9_t04_s105_20260621,代码\artifacts\experiments\pi_jwm_v11_cpu_recovered_v10_repro_k9_t04_s105_20260621,retain,false,false,true,1,3191,retained evidence or conservative default
pi_jwm_v11_diffusion_support_generator_256_20260628,代码\artifacts\experiments\pi_jwm_v11_diffusion_support_generator_256_20260628,retain,true,false,true,4,25511,referenced by active code or documentation
pi_jwm_v11_diffusion_support_generator_smoke_20260627,代码\artifacts\experiments\pi_jwm_v11_diffusion_support_generator_smoke_20260627,manual-review,false,false,true,4,7744,transient-looking run retains checkpoint or structured result
pi_jwm_v11_direct_policy_error_decomp_20260628,代码\artifacts\experiments\pi_jwm_v11_direct_policy_error_decomp_20260628,retain,false,false,true,4,12479,retained evidence or conservative default
pi_jwm_v11_discrete_value_policy_cpu_medium_20260620,代码\artifacts\experiments\pi_jwm_v11_discrete_value_policy_cpu_medium_20260620,retain,false,true,true,4,365759,retained evidence or conservative default
pi_jwm_v11_discrete_value_policy_cpu_smoke2_20260620,代码\artifacts\experiments\pi_jwm_v11_discrete_value_policy_cpu_smoke2_20260620,manual-review,false,true,true,4,120564,transient-looking run retains checkpoint or structured result
pi_jwm_v11_discrete_value_policy_cpu_smoke_20260620,代码\artifacts\experiments\pi_jwm_v11_discrete_value_policy_cpu_smoke_20260620,manual-review,false,true,true,3,117350,transient-looking run retains checkpoint or structured result
pi_jwm_v11_discrete_value_policy_cpu_weighted_smoke_20260620,代码\artifacts\experiments\pi_jwm_v11_discrete_value_policy_cpu_weighted_smoke_20260620,manual-review,false,true,true,3,119508,transient-looking run retains checkpoint or structured result
pi_jwm_v11_edge_support_head_cpu512_e5_20260629,代码\artifacts\experiments\pi_jwm_v11_edge_support_head_cpu512_e5_20260629,retain,false,true,true,3,340736,retained evidence or conservative default
pi_jwm_v11_edge_support_head_select_edgef1_cpu512_e5_20260629,代码\artifacts\experiments\pi_jwm_v11_edge_support_head_select_edgef1_cpu512_e5_20260629,retain,false,true,true,3,342829,retained evidence or conservative default
pi_jwm_v11_foundation_phase0_2_20260627,代码\artifacts\experiments\pi_jwm_v11_foundation_phase0_2_20260627,retain,false,false,true,13,48302,retained evidence or conservative default
pi_jwm_v11_gnn_greedy_scheduler_smoke_20260627,代码\artifacts\experiments\pi_jwm_v11_gnn_greedy_scheduler_smoke_20260627,manual-review,false,false,true,4,7387,transient-looking run retains checkpoint or structured result
pi_jwm_v11_gpu_20260620,代码\artifacts\experiments\pi_jwm_v11_gpu_20260620,retain,false,true,true,40,9443333,retained evidence or conservative default
pi_jwm_v11_gpu_candidate_batch_local_dryrun_20260627,代码\artifacts\experiments\pi_jwm_v11_gpu_candidate_batch_local_dryrun_20260627,manual-review,false,false,true,28,188638,transient-looking run retains checkpoint or structured result
pi_jwm_v11_graph_support_active_keep_384_20260628,代码\artifacts\experiments\pi_jwm_v11_graph_support_active_keep_384_20260628,retain,false,false,true,4,26450,retained evidence or conservative default
pi_jwm_v11_graph_support_active_new_split_reconstruct384_20260628,代码\artifacts\experiments\pi_jwm_v11_graph_support_active_new_split_reconstruct384_20260628,retain,false,false,true,4,15442,retained evidence or conservative default
pi_jwm_v11_graph_support_active_new_split_smoke128_20260628,代码\artifacts\experiments\pi_jwm_v11_graph_support_active_new_split_smoke128_20260628,manual-review,false,false,true,4,26675,transient-looking run retains checkpoint or structured result
pi_jwm_v11_graph_support_active_prune_384_20260628,代码\artifacts\experiments\pi_jwm_v11_graph_support_active_prune_384_20260628,retain,false,false,true,4,56190,retained evidence or conservative default
pi_jwm_v11_graph_support_active_value_stepbudget_filter_top32_384_20260628,代码\artifacts\experiments\pi_jwm_v11_graph_support_active_value_stepbudget_filter_top32_384_20260628,retain,false,false,true,4,26382,retained evidence or conservative default
pi_jwm_v11_graph_support_active_value_stepbudget_top32_384_20260628,代码\artifacts\experiments\pi_jwm_v11_graph_support_active_value_stepbudget_top32_384_20260628,retain,false,false,true,4,34642,retained evidence or conservative default
pi_jwm_v11_graph_support_all_candidate_bin_smoke_128_20260628,代码\artifacts\experiments\pi_jwm_v11_graph_support_all_candidate_bin_smoke_128_20260628,manual-review,false,false,true,4,28433,transient-looking run retains checkpoint or structured result
pi_jwm_v11_graph_support_allweighted_value_128_20260628,代码\artifacts\experiments\pi_jwm_v11_graph_support_allweighted_value_128_20260628,retain,false,false,true,4,16999,retained evidence or conservative default
pi_jwm_v11_graph_support_candidate_bin_lowpos_smoke_128_20260628,代码\artifacts\experiments\pi_jwm_v11_graph_support_candidate_bin_lowpos_smoke_128_20260628,manual-review,false,false,true,4,28199,transient-looking run retains checkpoint or structured result
pi_jwm_v11_graph_support_candidate_bin_smoke_128_20260628,代码\artifacts\experiments\pi_jwm_v11_graph_support_candidate_bin_smoke_128_20260628,manual-review,false,false,true,4,28185,transient-looking run retains checkpoint or structured result
pi_jwm_v11_graph_support_candidate_value_128_20260628,代码\artifacts\experiments\pi_jwm_v11_graph_support_candidate_value_128_20260628,retain,false,false,true,4,20531,retained evidence or conservative default
pi_jwm_v11_graph_support_conservative_new_smoke128_20260629,代码\artifacts\experiments\pi_jwm_v11_graph_support_conservative_new_smoke128_20260629,manual-review,false,false,true,4,112153,transient-looking run retains checkpoint or structured result
pi_jwm_v11_graph_support_fixed_family_384_20260628,代码\artifacts\experiments\pi_jwm_v11_graph_support_fixed_family_384_20260628,retain,false,false,true,4,14505,retained evidence or conservative default
pi_jwm_v11_graph_support_fixed_family_confirm512_20260628,代码\artifacts\experiments\pi_jwm_v11_graph_support_fixed_family_confirm512_20260628,retain,false,false,true,4,25525,retained evidence or conservative default
pi_jwm_v11_graph_support_fixed_family_refine_384_20260628,代码\artifacts\experiments\pi_jwm_v11_graph_support_fixed_family_refine_384_20260628,retain,false,false,true,4,32638,retained evidence or conservative default
pi_jwm_v11_graph_support_fixed_family_shuffle7_20260628,代码\artifacts\experiments\pi_jwm_v11_graph_support_fixed_family_shuffle7_20260628,retain,false,false,true,4,14700,retained evidence or conservative default
pi_jwm_v11_graph_support_fixed_family_window_start128_20260628,代码\artifacts\experiments\pi_jwm_v11_graph_support_fixed_family_window_start128_20260628,retain,false,false,true,4,14737,retained evidence or conservative default
pi_jwm_v11_graph_support_fixed_topk_value_128_20260628,代码\artifacts\experiments\pi_jwm_v11_graph_support_fixed_topk_value_128_20260628,retain,false,false,true,4,133177,retained evidence or conservative default
pi_jwm_v11_graph_support_fixed_topk_value_256_20260628,代码\artifacts\experiments\pi_jwm_v11_graph_support_fixed_topk_value_256_20260628,retain,false,false,true,4,88020,retained evidence or conservative default
pi_jwm_v11_graph_support_focus_cpu256_20260629,代码\artifacts\experiments\pi_jwm_v11_graph_support_focus_cpu256_20260629,retain,false,false,true,4,219247,retained evidence or conservative default
pi_jwm_v11_graph_support_gated_step_reconstruct_smoke_128_20260628,代码\artifacts\experiments\pi_jwm_v11_graph_support_gated_step_reconstruct_smoke_128_20260628,manual-review,false,false,true,4,85395,transient-looking run retains checkpoint or structured result
pi_jwm_v11_graph_support_gated_value_128_20260628,代码\artifacts\experiments\pi_jwm_v11_graph_support_gated_value_128_20260628,retain,false,false,true,4,27701,retained evidence or conservative default
pi_jwm_v11_graph_support_generator_512_20260627,代码\artifacts\experiments\pi_jwm_v11_graph_support_generator_512_20260627,retain,false,false,true,4,63545,retained evidence or conservative default
pi_jwm_v11_graph_support_generator_candidate_pool_256_20260627,代码\artifacts\experiments\pi_jwm_v11_graph_support_generator_candidate_pool_256_20260627,retain,false,false,true,4,488814,retained evidence or conservative default
pi_jwm_v11_graph_support_generator_candidate_pool_smoke_20260627,代码\artifacts\experiments\pi_jwm_v11_graph_support_generator_candidate_pool_smoke_20260627,manual-review,false,false,true,4,172147,transient-looking run retains checkpoint or structured result
pi_jwm_v11_graph_support_generator_hgb_hardneg_confirm_512_20260627,代码\artifacts\experiments\pi_jwm_v11_graph_support_generator_hgb_hardneg_confirm_512_20260627,retain,false,false,true,4,168691,retained evidence or conservative default
pi_jwm_v11_graph_support_generator_hgb_threshold_confirm_512_20260627,代码\artifacts\experiments\pi_jwm_v11_graph_support_generator_hgb_threshold_confirm_512_20260627,retain,false,false,true,4,222983,retained evidence or conservative default
pi_jwm_v11_graph_support_generator_smoke_20260627,代码\artifacts\experiments\pi_jwm_v11_graph_support_generator_smoke_20260627,manual-review,false,false,true,4,8011,transient-looking run retains checkpoint or structured result
pi_jwm_v11_graph_support_lowbudget_smoke128_20260629,代码\artifacts\experiments\pi_jwm_v11_graph_support_lowbudget_smoke128_20260629,manual-review,false,false,true,4,190519,transient-looking run retains checkpoint or structured result
pi_jwm_v11_graph_support_new_topk_256_20260628,代码\artifacts\experiments\pi_jwm_v11_graph_support_new_topk_256_20260628,retain,false,false,true,4,69115,retained evidence or conservative default
pi_jwm_v11_graph_support_oracle_alloc_active_value_top32_384_20260628,代码\artifacts\experiments\pi_jwm_v11_graph_support_oracle_alloc_active_value_top32_384_20260628,retain,false,false,true,4,14723,retained evidence or conservative default
pi_jwm_v11_graph_support_plus_topk_step_budget_reconstruct_baselinescore_smoke_128_20260628,代码\artifacts\experiments\pi_jwm_v11_graph_support_plus_topk_step_budget_reconstruct_baselinescore_smoke_128_20260628,manual-review,false,false,true,4,62153,transient-looking run retains checkpoint or structured result
pi_jwm_v11_graph_support_plus_topk_step_budget_reconstruct_smoke_128_20260628,代码\artifacts\experiments\pi_jwm_v11_graph_support_plus_topk_step_budget_reconstruct_smoke_128_20260628,manual-review,false,false,true,4,50590,transient-looking run retains checkpoint or structured result
pi_jwm_v11_graph_support_plus_topk_step_budget_smoke_128_20260628,代码\artifacts\experiments\pi_jwm_v11_graph_support_plus_topk_step_budget_smoke_128_20260628,manual-review,false,false,true,4,50178,transient-looking run retains checkpoint or structured result
pi_jwm_v11_graph_support_positive_candidate_value_128_20260628,代码\artifacts\experiments\pi_jwm_v11_graph_support_positive_candidate_value_128_20260628,retain,false,false,true,4,24290,retained evidence or conservative default
pi_jwm_v11_graph_support_positive_candidate_value_256_20260628,代码\artifacts\experiments\pi_jwm_v11_graph_support_positive_candidate_value_256_20260628,retain,false,false,true,4,72665,retained evidence or conservative default
pi_jwm_v11_graph_support_pred_reconstruct_active_value_384_20260628,代码\artifacts\experiments\pi_jwm_v11_graph_support_pred_reconstruct_active_value_384_20260628,retain,false,false,true,4,60793,retained evidence or conservative default
pi_jwm_v11_graph_support_pred_reconstruct_topk_expand_384_20260628,代码\artifacts\experiments\pi_jwm_v11_graph_support_pred_reconstruct_topk_expand_384_20260628,retain,false,false,true,4,60382,retained evidence or conservative default
pi_jwm_v11_graph_support_pred_value_ops_small_256_20260628,代码\artifacts\experiments\pi_jwm_v11_graph_support_pred_value_ops_small_256_20260628,retain,true,false,true,4,202628,referenced by active code or documentation
pi_jwm_v11_graph_support_pred_value_slice384_20260628,代码\artifacts\experiments\pi_jwm_v11_graph_support_pred_value_slice384_20260628,retain,false,false,true,4,97387,retained evidence or conservative default
pi_jwm_v11_graph_support_pruned_threshold_384_20260628,代码\artifacts\experiments\pi_jwm_v11_graph_support_pruned_threshold_384_20260628,retain,false,false,true,4,30457,retained evidence or conservative default
pi_jwm_v11_graph_support_quantile_value_128_20260628,代码\artifacts\experiments\pi_jwm_v11_graph_support_quantile_value_128_20260628,retain,false,false,true,4,27554,retained evidence or conservative default
pi_jwm_v11_graph_support_quantile_value_256_20260628,代码\artifacts\experiments\pi_jwm_v11_graph_support_quantile_value_256_20260628,retain,false,false,true,4,141489,retained evidence or conservative default
pi_jwm_v11_graph_support_quantile_value_deploy256_20260629,代码\artifacts\experiments\pi_jwm_v11_graph_support_quantile_value_deploy256_20260629,retain,false,false,true,4,172249,retained evidence or conservative default
pi_jwm_v11_graph_support_rank_diagnostics_narrow_128_20260628,代码\artifacts\experiments\pi_jwm_v11_graph_support_rank_diagnostics_narrow_128_20260628,retain,false,false,true,4,15387,retained evidence or conservative default
pi_jwm_v11_graph_support_selected_gate_smoke_128_20260628,代码\artifacts\experiments\pi_jwm_v11_graph_support_selected_gate_smoke_128_20260628,manual-review,false,false,true,4,88395,transient-looking run retains checkpoint or structured result
pi_jwm_v11_graph_support_step_budget_baselinecount_smoke_128_20260628,代码\artifacts\experiments\pi_jwm_v11_graph_support_step_budget_baselinecount_smoke_128_20260628,manual-review,false,false,true,4,36806,transient-looking run retains checkpoint or structured result
pi_jwm_v11_graph_support_step_budget_baselineprio_smoke_128_20260628,代码\artifacts\experiments\pi_jwm_v11_graph_support_step_budget_baselineprio_smoke_128_20260628,manual-review,false,false,true,4,27690,transient-looking run retains checkpoint or structured result
pi_jwm_v11_graph_support_step_budget_filter_smoke_128_20260628,代码\artifacts\experiments\pi_jwm_v11_graph_support_step_budget_filter_smoke_128_20260628,manual-review,false,false,true,4,95206,transient-looking run retains checkpoint or structured result
pi_jwm_v11_graph_support_step_budget_oracle_alloc_diag_128_20260628,代码\artifacts\experiments\pi_jwm_v11_graph_support_step_budget_oracle_alloc_diag_128_20260628,retain,false,false,true,4,81211,retained evidence or conservative default
pi_jwm_v11_graph_support_step_budget_recall_topk_smoke_128_20260628,代码\artifacts\experiments\pi_jwm_v11_graph_support_step_budget_recall_topk_smoke_128_20260628,manual-review,false,false,true,4,49747,transient-looking run retains checkpoint or structured result
pi_jwm_v11_graph_support_step_budget_smoke_128_20260628,代码\artifacts\experiments\pi_jwm_v11_graph_support_step_budget_smoke_128_20260628,manual-review,false,false,true,4,41249,transient-looking run retains checkpoint or structured result
pi_jwm_v11_graph_support_stepbudget_baseline_value_384_20260628,代码\artifacts\experiments\pi_jwm_v11_graph_support_stepbudget_baseline_value_384_20260628,retain,false,false,true,4,27371,retained evidence or conservative default
pi_jwm_v11_graph_support_stepbudget_newq_top32_384_20260628,代码\artifacts\experiments\pi_jwm_v11_graph_support_stepbudget_newq_top32_384_20260628,retain,false,false,true,4,26275,retained evidence or conservative default
pi_jwm_v11_graph_support_stepbudget_ranker_top32_384_20260628,代码\artifacts\experiments\pi_jwm_v11_graph_support_stepbudget_ranker_top32_384_20260628,retain,false,false,true,4,26355,retained evidence or conservative default
pi_jwm_v11_graph_support_stepbudget_support_gain_top32_384_20260628,代码\artifacts\experiments\pi_jwm_v11_graph_support_stepbudget_support_gain_top32_384_20260628,retain,false,false,true,4,22636,retained evidence or conservative default
pi_jwm_v11_graph_support_stepgate_confirm_256_20260628,代码\artifacts\experiments\pi_jwm_v11_graph_support_stepgate_confirm_256_20260628,retain,false,false,true,4,49122,retained evidence or conservative default
pi_jwm_v11_graph_support_stepgate_reconstruct_smoke_128_20260628,代码\artifacts\experiments\pi_jwm_v11_graph_support_stepgate_reconstruct_smoke_128_20260628,manual-review,false,false,true,4,95431,transient-looking run retains checkpoint or structured result
pi_jwm_v11_graph_support_supportscore_value_128_20260628,代码\artifacts\experiments\pi_jwm_v11_graph_support_supportscore_value_128_20260628,retain,false,false,true,4,27477,retained evidence or conservative default
pi_jwm_v11_graph_support_threshold_value_256_20260628,代码\artifacts\experiments\pi_jwm_v11_graph_support_threshold_value_256_20260628,retain,false,false,true,4,43426,retained evidence or conservative default
pi_jwm_v11_graph_support_true_value_diag_256_20260628,代码\artifacts\experiments\pi_jwm_v11_graph_support_true_value_diag_256_20260628,retain,false,false,true,4,21063,retained evidence or conservative default
pi_jwm_v11_graph_support_true_value_rank_256_20260628,代码\artifacts\experiments\pi_jwm_v11_graph_support_true_value_rank_256_20260628,retain,false,false,true,4,49293,retained evidence or conservative default
pi_jwm_v11_graph_support_true_value_rank_stepbudget_top32_384_20260628,代码\artifacts\experiments\pi_jwm_v11_graph_support_true_value_rank_stepbudget_top32_384_20260628,retain,false,false,true,4,24270,retained evidence or conservative default
pi_jwm_v11_graph_support_value_source_diag_128_20260628,代码\artifacts\experiments\pi_jwm_v11_graph_support_value_source_diag_128_20260628,retain,false,false,true,4,20139,retained evidence or conservative default
pi_jwm_v11_graph_support_value_source_diag_fixed_128_20260628,代码\artifacts\experiments\pi_jwm_v11_graph_support_value_source_diag_fixed_128_20260628,retain,false,false,true,4,19670,retained evidence or conservative default
pi_jwm_v11_group_ranker_256_20260627,代码\artifacts\experiments\pi_jwm_v11_group_ranker_256_20260627,retain,false,false,true,4,399277,retained evidence or conservative default
pi_jwm_v11_group_ranker_smoke_20260627,代码\artifacts\experiments\pi_jwm_v11_group_ranker_smoke_20260627,manual-review,false,false,true,4,41045,transient-looking run retains checkpoint or structured result
pi_jwm_v11_hier_tokens_edge_support_aw_a2_h2_t080_gpu1024_e10_20260629,代码\artifacts\experiments\pi_jwm_v11_hier_tokens_edge_support_aw_a2_h2_t080_gpu1024_e10_20260629,retain,false,false,true,5,30585,retained evidence or conservative default
pi_jwm_v11_hier_tokens_edge_support_aw_a3_h4_t080_gpu1024_e10_20260629,代码\artifacts\experiments\pi_jwm_v11_hier_tokens_edge_support_aw_a3_h4_t080_gpu1024_e10_20260629,retain,false,false,true,9,44445,retained evidence or conservative default
pi_jwm_v11_hier_tokens_edge_support_aw_a3_h4_t080_gpu1024_e10_epochsel_20260629,代码\artifacts\experiments\pi_jwm_v11_hier_tokens_edge_support_aw_a3_h4_t080_gpu1024_e10_epochsel_20260629,retain,false,false,true,17,74057,retained evidence or conservative default
pi_jwm_v11_hier_tokens_edge_support_aw_a3_h4_t080_gpu2048_e12_20260629,代码\artifacts\experiments\pi_jwm_v11_hier_tokens_edge_support_aw_a3_h4_t080_gpu2048_e12_20260629,retain,false,false,true,5,33027,retained evidence or conservative default
pi_jwm_v11_hier_tokens_edge_tversky_a08_b02_w05_a3h4_gpu1024_e10_20260629,代码\artifacts\experiments\pi_jwm_v11_hier_tokens_edge_tversky_a08_b02_w05_a3h4_gpu1024_e10_20260629,retain,false,false,true,15,65794,retained evidence or conservative default
pi_jwm_v11_hier_tokens_edge_tversky_a08_b02_w20_a3h4_gpu1024_e10_20260629,代码\artifacts\experiments\pi_jwm_v11_hier_tokens_edge_tversky_a08_b02_w20_a3h4_gpu1024_e10_20260629,retain,false,false,true,6,34486,retained evidence or conservative default
pi_jwm_v11_hierarchical_tokens_cpu_probe_1024x3_h64_20260620,代码\artifacts\experiments\pi_jwm_v11_hierarchical_tokens_cpu_probe_1024x3_h64_20260620,retain,true,true,true,15,1514175,referenced by active code or documentation
pi_jwm_v11_hierarchical_tokens_cpu_smoke_20260620,代码\artifacts\experiments\pi_jwm_v11_hierarchical_tokens_cpu_smoke_20260620,manual-review,false,true,true,7,478244,transient-looking run retains checkpoint or structured result
pi_jwm_v11_hierarchical_tokens_edge_head_cpu1024_e10_20260629,代码\artifacts\experiments\pi_jwm_v11_hierarchical_tokens_edge_head_cpu1024_e10_20260629,retain,false,true,true,29,1949130,retained evidence or conservative default
pi_jwm_v11_hierarchical_tokens_edge_head_cpu1024_e5_20260629,代码\artifacts\experiments\pi_jwm_v11_hierarchical_tokens_edge_head_cpu1024_e5_20260629,retain,false,true,true,13,1884920,retained evidence or conservative default
pi_jwm_v11_hierarchical_tokens_edge_head_cpu384_e3_20260629,代码\artifacts\experiments\pi_jwm_v11_hierarchical_tokens_edge_head_cpu384_e3_20260629,retain,false,true,true,7,1862605,retained evidence or conservative default
pi_jwm_v11_hierarchical_tokens_edge_head_gpu_full_e15_20260629,代码\artifacts\experiments\pi_jwm_v11_hierarchical_tokens_edge_head_gpu_full_e15_20260629,retain,false,false,true,4,33183,retained evidence or conservative default
pi_jwm_v11_hierarchical_tokens_edge_head_pos100_cpu512_e5_20260629,代码\artifacts\experiments\pi_jwm_v11_hierarchical_tokens_edge_head_pos100_cpu512_e5_20260629,retain,false,true,true,7,1865803,retained evidence or conservative default
pi_jwm_v11_hierarchical_tokens_edge_step_head_cpu512_e5_20260629,代码\artifacts\experiments\pi_jwm_v11_hierarchical_tokens_edge_step_head_cpu512_e5_20260629,retain,false,true,true,7,1960760,retained evidence or conservative default
pi_jwm_v11_hierarchical_tokens_edge_step_total_gpu4096_e15_20260629,代码\artifacts\experiments\pi_jwm_v11_hierarchical_tokens_edge_step_total_gpu4096_e15_20260629,retain,false,false,true,5,37252,retained evidence or conservative default
pi_jwm_v11_hierarchical_tokens_gpu_early_h64_e5_20260620,代码\artifacts\experiments\pi_jwm_v11_hierarchical_tokens_gpu_early_h64_e5_20260620,retain,false,true,true,10,1500646,retained evidence or conservative default
pi_jwm_v11_learned_point_selector_cpu384_20260629,代码\artifacts\experiments\pi_jwm_v11_learned_point_selector_cpu384_20260629,retain,false,false,true,3,12974,retained evidence or conservative default
pi_jwm_v11_learned_point_selector_cpu384_statsfix_20260629,代码\artifacts\experiments\pi_jwm_v11_learned_point_selector_cpu384_statsfix_20260629,retain,false,false,true,3,13378,retained evidence or conservative default
pi_jwm_v11_learned_point_selector_smoke64_20260629,代码\artifacts\experiments\pi_jwm_v11_learned_point_selector_smoke64_20260629,manual-review,false,false,true,3,8746,transient-looking run retains checkpoint or structured result
pi_jwm_v11_learned_point_selector_smoke64_20260629_rerun,代码\artifacts\experiments\pi_jwm_v11_learned_point_selector_smoke64_20260629_rerun,manual-review,false,false,true,3,8758,transient-looking run retains checkpoint or structured result
pi_jwm_v11_local_tradeoff_diagnosis_20260627,代码\artifacts\experiments\pi_jwm_v11_local_tradeoff_diagnosis_20260627,retain,false,false,true,11,1901235,retained evidence or conservative default
pi_jwm_v11_mass_preserve_conservative_smoke128_20260629,代码\artifacts\experiments\pi_jwm_v11_mass_preserve_conservative_smoke128_20260629,manual-review,false,false,true,4,32404,transient-looking run retains checkpoint or structured result
pi_jwm_v11_mass_preserve_cpu384_20260629,代码\artifacts\experiments\pi_jwm_v11_mass_preserve_cpu384_20260629,retain,false,false,true,4,28531,retained evidence or conservative default
pi_jwm_v11_mass_preserve_smoke128_20260629,代码\artifacts\experiments\pi_jwm_v11_mass_preserve_smoke128_20260629,manual-review,false,false,true,4,27657,transient-looking run retains checkpoint or structured result
pi_jwm_v11_method_potential_compare_20260626,代码\artifacts\experiments\pi_jwm_v11_method_potential_compare_20260626,retain,false,false,true,2,20683,retained evidence or conservative default
pi_jwm_v11_multi_point_oracle_cpu384_20260629,代码\artifacts\experiments\pi_jwm_v11_multi_point_oracle_cpu384_20260629,retain,false,false,true,3,36000,retained evidence or conservative default
pi_jwm_v11_neural_value_reconstruction_512_20260622,代码\artifacts\experiments\pi_jwm_v11_neural_value_reconstruction_512_20260622,retain,false,false,true,5,15721,retained evidence or conservative default
pi_jwm_v11_neural_value_reconstruction_allrows_512_20260622,代码\artifacts\experiments\pi_jwm_v11_neural_value_reconstruction_allrows_512_20260622,retain,false,false,true,5,19503,retained evidence or conservative default
pi_jwm_v11_neural_value_reconstruction_rf_rank_allrows_512_20260622,代码\artifacts\experiments\pi_jwm_v11_neural_value_reconstruction_rf_rank_allrows_512_20260622,retain,false,false,true,5,19633,retained evidence or conservative default
pi_jwm_v11_neural_value_reconstruction_rf_rank_positive_512_20260622,代码\artifacts\experiments\pi_jwm_v11_neural_value_reconstruction_rf_rank_positive_512_20260622,retain,false,false,true,5,19657,retained evidence or conservative default
pi_jwm_v11_neural_value_reconstruction_smoke_20260622,代码\artifacts\experiments\pi_jwm_v11_neural_value_reconstruction_smoke_20260622,manual-review,false,false,true,5,5311,transient-looking run retains checkpoint or structured result
pi_jwm_v11_pairwise_ranker_confirm_512_20260627,代码\artifacts\experiments\pi_jwm_v11_pairwise_ranker_confirm_512_20260627,retain,false,false,true,4,150057,retained evidence or conservative default
pi_jwm_v11_point_pair_gate_limited_cpu384_20260629,代码\artifacts\experiments\pi_jwm_v11_point_pair_gate_limited_cpu384_20260629,retain,false,false,true,3,24861,retained evidence or conservative default
pi_jwm_v11_pointer_support_generator_smoke_20260627,代码\artifacts\experiments\pi_jwm_v11_pointer_support_generator_smoke_20260627,manual-review,false,false,true,4,7554,transient-looking run retains checkpoint or structured result
pi_jwm_v11_policy_action_proxy_20260629,代码\artifacts\experiments\pi_jwm_v11_policy_action_proxy_20260629,retain,true,false,true,90,351542,referenced by active code or documentation
pi_jwm_v11_policy_prior_ranked_allocation_hier_256_20260628,代码\artifacts\experiments\pi_jwm_v11_policy_prior_ranked_allocation_hier_256_20260628,retain,false,false,true,4,43041,retained evidence or conservative default
pi_jwm_v11_policy_prior_ranked_allocation_hier_topk_256_20260628,代码\artifacts\experiments\pi_jwm_v11_policy_prior_ranked_allocation_hier_topk_256_20260628,retain,false,false,true,4,33825,retained evidence or conservative default
pi_jwm_v11_ranker_value_gain_256_20260627,代码\artifacts\experiments\pi_jwm_v11_ranker_value_gain_256_20260627,retain,false,false,true,4,99438,retained evidence or conservative default
pi_jwm_v11_ranker_value_gain_confirm_512_20260627,代码\artifacts\experiments\pi_jwm_v11_ranker_value_gain_confirm_512_20260627,retain,false,false,true,4,55861,retained evidence or conservative default
pi_jwm_v11_rate_aware_stepbudget_smoke128_20260628,代码\artifacts\experiments\pi_jwm_v11_rate_aware_stepbudget_smoke128_20260628,manual-review,false,false,true,4,23085,transient-looking run retains checkpoint or structured result
pi_jwm_v11_rate_aware_support_smoke128_20260628,代码\artifacts\experiments\pi_jwm_v11_rate_aware_support_smoke128_20260628,manual-review,false,false,true,4,17435,transient-looking run retains checkpoint or structured result
pi_jwm_v11_rb_shrink_gate_true_sweep_cpu_20260621,代码\artifacts\experiments\pi_jwm_v11_rb_shrink_gate_true_sweep_cpu_20260621,retain,false,false,true,12,32326,retained evidence or conservative default
pi_jwm_v11_rb_shrink_sweep_cpu_20260621,代码\artifacts\experiments\pi_jwm_v11_rb_shrink_sweep_cpu_20260621,retain,true,false,true,12,31868,referenced by active code or documentation
pi_jwm_v11_rb_total_conditional_scale_full_confirm_20260622,代码\artifacts\experiments\pi_jwm_v11_rb_total_conditional_scale_full_confirm_20260622,retain,false,false,true,5,13422,retained evidence or conservative default
pi_jwm_v11_rb_total_conditional_scale_gate_refine_20260622,代码\artifacts\experiments\pi_jwm_v11_rb_total_conditional_scale_gate_refine_20260622,retain,false,false,false,1,556,retained evidence or conservative default
pi_jwm_v11_rb_total_conditional_scale_global_step_20260622,代码\artifacts\experiments\pi_jwm_v11_rb_total_conditional_scale_global_step_20260622,retain,false,false,true,5,17777,retained evidence or conservative default
pi_jwm_v11_rb_total_conditional_scale_refine_small_20260622,代码\artifacts\experiments\pi_jwm_v11_rb_total_conditional_scale_refine_small_20260622,retain,false,false,true,5,18205,retained evidence or conservative default
pi_jwm_v11_rb_total_conditional_scale_smoke_20260622,代码\artifacts\experiments\pi_jwm_v11_rb_total_conditional_scale_smoke_20260622,manual-review,false,false,true,5,8250,transient-looking run retains checkpoint or structured result
pi_jwm_v11_rb_total_conditional_scale_true_full_confirm_20260622,代码\artifacts\experiments\pi_jwm_v11_rb_total_conditional_scale_true_full_confirm_20260622,retain,false,false,true,5,6640,retained evidence or conservative default
pi_jwm_v11_rb_total_edge_grad_oracle_val_probe_20260621,代码\artifacts\experiments\pi_jwm_v11_rb_total_edge_grad_oracle_val_probe_20260621,manual-review,false,false,true,2,5329,transient-looking run retains checkpoint or structured result
pi_jwm_v11_rb_total_gate_scale_full_probe_20260622,代码\artifacts\experiments\pi_jwm_v11_rb_total_gate_scale_full_probe_20260622,manual-review,false,false,true,5,38259,transient-looking run retains checkpoint or structured result
pi_jwm_v11_rb_total_global_scale_full_curve_20260622,代码\artifacts\experiments\pi_jwm_v11_rb_total_global_scale_full_curve_20260622,retain,false,false,true,5,8416,retained evidence or conservative default
pi_jwm_v11_rb_total_group_calibration_20260622,代码\artifacts\experiments\pi_jwm_v11_rb_total_group_calibration_20260622,retain,true,false,true,5,39056,referenced by active code or documentation
pi_jwm_v11_rb_total_highload_gate_full_refine_20260622,代码\artifacts\experiments\pi_jwm_v11_rb_total_highload_gate_full_refine_20260622,retain,false,false,true,5,30335,retained evidence or conservative default
pi_jwm_v11_rb_total_latent_blend_20260622,代码\artifacts\experiments\pi_jwm_v11_rb_total_latent_blend_20260622,retain,false,false,true,3,137160,retained evidence or conservative default
pi_jwm_v11_rb_total_latent_identifiability_20260622,代码\artifacts\experiments\pi_jwm_v11_rb_total_latent_identifiability_20260622,retain,true,false,true,3,35211,referenced by active code or documentation
pi_jwm_v11_rb_total_latent_identifiability_smoke_20260622,代码\artifacts\experiments\pi_jwm_v11_rb_total_latent_identifiability_smoke_20260622,retain,true,false,true,3,26378,referenced by active code or documentation
pi_jwm_v11_rb_total_latent_value_modes_20260622,代码\artifacts\experiments\pi_jwm_v11_rb_total_latent_value_modes_20260622,retain,false,false,true,3,60516,retained evidence or conservative default
pi_jwm_v11_rb_total_oracle_value_scope_diagnostic_20260622,代码\artifacts\experiments\pi_jwm_v11_rb_total_oracle_value_scope_diagnostic_20260622,retain,true,false,true,3,57876,referenced by active code or documentation
pi_jwm_v11_rb_total_rank_gap_diagnostic_20260622,代码\artifacts\experiments\pi_jwm_v11_rb_total_rank_gap_diagnostic_20260622,retain,false,false,true,3,12545,retained evidence or conservative default
pi_jwm_v11_rb_total_repair_cpu_20260621,代码\artifacts\experiments\pi_jwm_v11_rb_total_repair_cpu_20260621,retain,true,false,true,5,21999,referenced by active code or documentation
pi_jwm_v11_rb_total_risk_controlled_scale_full_20260622,代码\artifacts\experiments\pi_jwm_v11_rb_total_risk_controlled_scale_full_20260622,retain,false,false,true,7,53169,retained evidence or conservative default
pi_jwm_v11_rb_total_risk_controlled_scale_smoke_20260622,代码\artifacts\experiments\pi_jwm_v11_rb_total_risk_controlled_scale_smoke_20260622,manual-review,false,false,true,7,9568,transient-looking run retains checkpoint or structured result
pi_jwm_v11_rb_total_scale_fine_local_20260627,代码\artifacts\experiments\pi_jwm_v11_rb_total_scale_fine_local_20260627,retain,false,false,true,5,59829,retained evidence or conservative default
pi_jwm_v11_rb_total_teacher_edge_grad_cpu_confirm_streamstats_20260621,代码\artifacts\experiments\pi_jwm_v11_rb_total_teacher_edge_grad_cpu_confirm_streamstats_20260621,retain,false,false,true,6,27554,retained evidence or conservative default
pi_jwm_v11_rb_total_teacher_edge_grad_cpu_smoke_streamstats_20260621,代码\artifacts\experiments\pi_jwm_v11_rb_total_teacher_edge_grad_cpu_smoke_streamstats_20260621,manual-review,false,false,true,6,28382,transient-looking run retains checkpoint or structured result
pi_jwm_v11_rb_total_teacher_edge_grad_focal_cpu_confirm_streamstats_20260621,代码\artifacts\experiments\pi_jwm_v11_rb_total_teacher_edge_grad_focal_cpu_confirm_streamstats_20260621,retain,false,false,true,6,49248,retained evidence or conservative default
pi_jwm_v11_rb_total_teacher_edge_grad_pairwise_topk_cpu_confirm_streamstats_20260622,代码\artifacts\experiments\pi_jwm_v11_rb_total_teacher_edge_grad_pairwise_topk_cpu_confirm_streamstats_20260622,retain,false,false,true,6,62510,retained evidence or conservative default
pi_jwm_v11_rb_total_teacher_edge_grad_retrieval_cpu_confirm_streamstats_20260621,代码\artifacts\experiments\pi_jwm_v11_rb_total_teacher_edge_grad_retrieval_cpu_confirm_streamstats_20260621,retain,false,false,true,6,54021,retained evidence or conservative default
pi_jwm_v11_rb_total_teacher_edge_grad_score_topk_cpu_confirm_streamstats_20260621,代码\artifacts\experiments\pi_jwm_v11_rb_total_teacher_edge_grad_score_topk_cpu_confirm_streamstats_20260621,retain,false,false,true,6,62353,retained evidence or conservative default
pi_jwm_v11_rb_total_teacher_edge_grad_state_cpu_confirm_streamstats_20260621,代码\artifacts\experiments\pi_jwm_v11_rb_total_teacher_edge_grad_state_cpu_confirm_streamstats_20260621,retain,false,false,true,6,54969,retained evidence or conservative default
pi_jwm_v11_rb_total_teacher_step_cpu_smoke_20260621,代码\artifacts\experiments\pi_jwm_v11_rb_total_teacher_step_cpu_smoke_20260621,manual-review,false,false,true,6,26030,transient-looking run retains checkpoint or structured result
pi_jwm_v11_rb_total_teacher_step_cpu_smoke_streamstats_20260621,代码\artifacts\experiments\pi_jwm_v11_rb_total_teacher_step_cpu_smoke_streamstats_20260621,manual-review,false,false,true,6,27298,transient-looking run retains checkpoint or structured result
pi_jwm_v11_rb_total_teacher_step_cpu_smoke_streamstats_fulltrain_20260621,代码\artifacts\experiments\pi_jwm_v11_rb_total_teacher_step_cpu_smoke_streamstats_fulltrain_20260621,manual-review,false,false,true,6,27506,transient-looking run retains checkpoint or structured result
pi_jwm_v11_rb_total_tree_identifiability_20260622,代码\artifacts\experiments\pi_jwm_v11_rb_total_tree_identifiability_20260622,retain,true,false,true,3,49188,referenced by active code or documentation
pi_jwm_v11_rb_total_tree_identifiability_state_20260622,代码\artifacts\experiments\pi_jwm_v11_rb_total_tree_identifiability_state_20260622,retain,false,false,true,3,49480,retained evidence or conservative default
pi_jwm_v11_rb_total_value_head_cpu_20260621,代码\artifacts\experiments\pi_jwm_v11_rb_total_value_head_cpu_20260621,retain,true,false,true,6,118666,referenced by active code or documentation
pi_jwm_v11_rb_total_value_head_cpu_quick_20260621,代码\artifacts\experiments\pi_jwm_v11_rb_total_value_head_cpu_quick_20260621,retain,false,false,true,6,27166,retained evidence or conservative default
pi_jwm_v11_rb_total_value_head_cpu_smoke_20260621,代码\artifacts\experiments\pi_jwm_v11_rb_total_value_head_cpu_smoke_20260621,manual-review,false,false,true,6,26975,transient-looking run retains checkpoint or structured result
pi_jwm_v11_rb_total_value_head_cpu_smoke_minrb1_20260621,代码\artifacts\experiments\pi_jwm_v11_rb_total_value_head_cpu_smoke_minrb1_20260621,manual-review,false,false,true,6,27081,transient-looking run retains checkpoint or structured result
pi_jwm_v11_rb_total_value_head_cpu_smoke_state_limited_minrb1_20260621,代码\artifacts\experiments\pi_jwm_v11_rb_total_value_head_cpu_smoke_state_limited_minrb1_20260621,manual-review,false,false,true,6,27060,transient-looking run retains checkpoint or structured result
pi_jwm_v11_rb_total_value_reconstruction_ratio_512_20260622,代码\artifacts\experiments\pi_jwm_v11_rb_total_value_reconstruction_ratio_512_20260622,retain,false,false,true,3,65763,retained evidence or conservative default
pi_jwm_v11_rb_total_value_reconstruction_refine_512_20260622,代码\artifacts\experiments\pi_jwm_v11_rb_total_value_reconstruction_refine_512_20260622,retain,false,false,true,5,48894,retained evidence or conservative default
pi_jwm_v11_rb_total_value_reconstruction_residual_512_20260622,代码\artifacts\experiments\pi_jwm_v11_rb_total_value_reconstruction_residual_512_20260622,retain,false,false,true,3,139964,retained evidence or conservative default
pi_jwm_v11_rb_total_value_reconstruction_rf_confirm_1024_20260622,代码\artifacts\experiments\pi_jwm_v11_rb_total_value_reconstruction_rf_confirm_1024_20260622,retain,true,false,true,5,19115,referenced by active code or documentation
pi_jwm_v11_rb_total_value_reconstruction_smoke_20260622,代码\artifacts\experiments\pi_jwm_v11_rb_total_value_reconstruction_smoke_20260622,manual-review,false,false,true,3,6111,transient-looking run retains checkpoint or structured result
pi_jwm_v11_reconstruct_gated_stepbudget_smoke128_20260628,代码\artifacts\experiments\pi_jwm_v11_reconstruct_gated_stepbudget_smoke128_20260628,manual-review,false,false,true,4,28149,transient-looking run retains checkpoint or structured result
pi_jwm_v11_repair_benefit_shortlist_512_20260622,代码\artifacts\experiments\pi_jwm_v11_repair_benefit_shortlist_512_20260622,retain,false,false,true,3,56792,retained evidence or conservative default
pi_jwm_v11_repair_benefit_shortlist_alpha_probe_20260622,代码\artifacts\experiments\pi_jwm_v11_repair_benefit_shortlist_alpha_probe_20260622,manual-review,false,false,true,3,21393,transient-looking run retains checkpoint or structured result
pi_jwm_v11_repair_benefit_shortlist_hgb_probe_20260622,代码\artifacts\experiments\pi_jwm_v11_repair_benefit_shortlist_hgb_probe_20260622,manual-review,false,false,true,3,9512,transient-looking run retains checkpoint or structured result
pi_jwm_v11_repair_benefit_shortlist_oracle_diag_20260622,代码\artifacts\experiments\pi_jwm_v11_repair_benefit_shortlist_oracle_diag_20260622,retain,false,false,true,3,12945,retained evidence or conservative default
pi_jwm_v11_repair_benefit_shortlist_smoke_20260622,代码\artifacts\experiments\pi_jwm_v11_repair_benefit_shortlist_smoke_20260622,manual-review,false,false,true,3,4770,transient-looking run retains checkpoint or structured result
pi_jwm_v11_retrieval_action_generator_256_narrow_20260628,代码\artifacts\experiments\pi_jwm_v11_retrieval_action_generator_256_narrow_20260628,retain,false,false,true,3,18024,retained evidence or conservative default
pi_jwm_v11_retrieval_action_generator_smoke_20260628,代码\artifacts\experiments\pi_jwm_v11_retrieval_action_generator_smoke_20260628,manual-review,false,false,true,3,9574,transient-looking run retains checkpoint or structured result
pi_jwm_v11_rollout_reward_template_selector_cpu256_20260629,代码\artifacts\experiments\pi_jwm_v11_rollout_reward_template_selector_cpu256_20260629,retain,false,false,true,3,26670,retained evidence or conservative default
pi_jwm_v11_rollout_reward_template_selector_errorreg_cpu256_20260629,代码\artifacts\experiments\pi_jwm_v11_rollout_reward_template_selector_errorreg_cpu256_20260629,retain,false,false,true,3,33802,retained evidence or conservative default
pi_jwm_v11_rollout_reward_template_selector_expanded55_gpu1024_512_seed20260631_20260629,代码\artifacts\experiments\pi_jwm_v11_rollout_reward_template_selector_expanded55_gpu1024_512_seed20260631_20260629,retain,false,false,true,4,898557,retained evidence or conservative default
pi_jwm_v11_rollout_reward_template_selector_forecast_cpu256_20260629,代码\artifacts\experiments\pi_jwm_v11_rollout_reward_template_selector_forecast_cpu256_20260629,retain,false,false,true,3,30233,retained evidence or conservative default
pi_jwm_v11_rollout_reward_template_selector_impgate_cpu256_20260629,代码\artifacts\experiments\pi_jwm_v11_rollout_reward_template_selector_impgate_cpu256_20260629,retain,false,false,true,3,57644,retained evidence or conservative default
pi_jwm_v11_rollout_reward_template_selector_paircalib_cpu256_20260629,代码\artifacts\experiments\pi_jwm_v11_rollout_reward_template_selector_paircalib_cpu256_20260629,retain,false,false,true,3,141628,retained evidence or conservative default
pi_jwm_v11_rollout_reward_template_selector_paircalib_cpu384_20260629,代码\artifacts\experiments\pi_jwm_v11_rollout_reward_template_selector_paircalib_cpu384_20260629,retain,false,false,true,3,126363,retained evidence or conservative default
pi_jwm_v11_rollout_reward_template_selector_pairgain_global_cpu256_20260629,代码\artifacts\experiments\pi_jwm_v11_rollout_reward_template_selector_pairgain_global_cpu256_20260629,retain,false,false,true,3,166557,retained evidence or conservative default
pi_jwm_v11_rollout_reward_template_selector_pairgain_global_cpu384_20260629,代码\artifacts\experiments\pi_jwm_v11_rollout_reward_template_selector_pairgain_global_cpu384_20260629,retain,false,false,true,3,160120,retained evidence or conservative default
pi_jwm_v11_rollout_reward_template_selector_pairgate_calib_cpu256_20260629,代码\artifacts\experiments\pi_jwm_v11_rollout_reward_template_selector_pairgate_calib_cpu256_20260629,retain,false,false,true,3,125837,retained evidence or conservative default
pi_jwm_v11_rollout_reward_template_selector_pairgate_cpu256_20260629,代码\artifacts\experiments\pi_jwm_v11_rollout_reward_template_selector_pairgate_cpu256_20260629,retain,false,false,true,3,80423,retained evidence or conservative default
pi_jwm_v11_rollout_reward_template_selector_pairgate_gb_cpu384_20260629,代码\artifacts\experiments\pi_jwm_v11_rollout_reward_template_selector_pairgate_gb_cpu384_20260629,retain,false,false,true,3,82978,retained evidence or conservative default
pi_jwm_v11_rollout_reward_template_selector_pairgate_models_cpu256_20260629,代码\artifacts\experiments\pi_jwm_v11_rollout_reward_template_selector_pairgate_models_cpu256_20260629,retain,false,false,true,3,296422,retained evidence or conservative default
pi_jwm_v11_rollout_reward_template_selector_pairgate_richfeat_cpu256_20260629,代码\artifacts\experiments\pi_jwm_v11_rollout_reward_template_selector_pairgate_richfeat_cpu256_20260629,retain,false,false,true,3,176198,retained evidence or conservative default
pi_jwm_v11_rollout_reward_template_selector_pairoracle_cpu256_20260629,代码\artifacts\experiments\pi_jwm_v11_rollout_reward_template_selector_pairoracle_cpu256_20260629,retain,false,false,true,3,83967,retained evidence or conservative default
pi_jwm_v11_rollout_reward_template_selector_pairwise_gpu1024_512_fixed_20260629,代码\artifacts\experiments\pi_jwm_v11_rollout_reward_template_selector_pairwise_gpu1024_512_fixed_20260629,retain,false,false,true,4,257679,retained evidence or conservative default
pi_jwm_v11_rollout_reward_template_selector_pairwise_quota_gpu1024_512_20260629,代码\artifacts\experiments\pi_jwm_v11_rollout_reward_template_selector_pairwise_quota_gpu1024_512_20260629,retain,false,false,true,4,311046,retained evidence or conservative default
pi_jwm_v11_rollout_reward_template_selector_pairwise_quota_gpu1024_512_seed20260631_20260629,代码\artifacts\experiments\pi_jwm_v11_rollout_reward_template_selector_pairwise_quota_gpu1024_512_seed20260631_20260629,retain,false,false,true,4,310907,retained evidence or conservative default
pi_jwm_v11_rollout_reward_template_selector_pairwise_quota_gpu1024_valtest256_20260629,代码\artifacts\experiments\pi_jwm_v11_rollout_reward_template_selector_pairwise_quota_gpu1024_valtest256_20260629,retain,false,false,true,4,309619,retained evidence or conservative default
pi_jwm_v11_rollout_reward_template_selector_pairwise_quota_gpu1024_valtest256_seed20260630_20260629,代码\artifacts\experiments\pi_jwm_v11_rollout_reward_template_selector_pairwise_quota_gpu1024_valtest256_seed20260630_20260629,retain,false,false,true,4,309567,retained evidence or conservative default
pi_jwm_v11_rollout_reward_template_selector_pairwise_quota_gpu1024_valtest256_seed20260631_20260629,代码\artifacts\experiments\pi_jwm_v11_rollout_reward_template_selector_pairwise_quota_gpu1024_valtest256_seed20260631_20260629,retain,false,false,true,4,309521,retained evidence or conservative default
pi_jwm_v11_rollout_reward_template_selector_pairwise_rich_gpu1024_512_seed20260631_20260629,代码\artifacts\experiments\pi_jwm_v11_rollout_reward_template_selector_pairwise_rich_gpu1024_512_seed20260631_20260629,retain,false,false,true,4,310741,retained evidence or conservative default
pi_jwm_v11_rollout_reward_template_selector_pairwise_trainval_gpu1024_512_seed20260631_20260629,代码\artifacts\experiments\pi_jwm_v11_rollout_reward_template_selector_pairwise_trainval_gpu1024_512_seed20260631_20260629,retain,false,false,true,4,310988,retained evidence or conservative default
pi_jwm_v11_rollout_reward_template_selector_smoke64_20260629,代码\artifacts\experiments\pi_jwm_v11_rollout_reward_template_selector_smoke64_20260629,manual-review,false,false,true,3,23883,transient-looking run retains checkpoint or structured result
pi_jwm_v11_rollout_template_selector_narrow_256_20260628,代码\artifacts\experiments\pi_jwm_v11_rollout_template_selector_narrow_256_20260628,retain,true,false,true,4,33997,referenced by active code or documentation
pi_jwm_v11_rollout_value_calibrator_adaptive_baseline_e0_20260621,代码\artifacts\experiments\pi_jwm_v11_rollout_value_calibrator_adaptive_baseline_e0_20260621,retain,false,true,true,2,16024,retained evidence or conservative default
pi_jwm_v11_rollout_value_calibrator_adaptive_bc_confirm_20260621,代码\artifacts\experiments\pi_jwm_v11_rollout_value_calibrator_adaptive_bc_confirm_20260621,retain,true,true,true,6,36052,referenced by active code or documentation
pi_jwm_v11_rollout_value_calibrator_adaptive_cpu_probe_64x2_20260621,代码\artifacts\experiments\pi_jwm_v11_rollout_value_calibrator_adaptive_cpu_probe_64x2_20260621,manual-review,false,true,true,6,35582,transient-looking run retains checkpoint or structured result
pi_jwm_v11_rollout_value_calibrator_adaptive_gpu_confirm_bc4096_e5_20260621,代码\artifacts\experiments\pi_jwm_v11_rollout_value_calibrator_adaptive_gpu_confirm_bc4096_e5_20260621,retain,false,false,true,1,13087,retained evidence or conservative default
pi_jwm_v11_rollout_value_calibrator_adaptive_gpu_samples_diagnostic_20260621,代码\artifacts\experiments\pi_jwm_v11_rollout_value_calibrator_adaptive_gpu_samples_diagnostic_20260621,retain,true,true,true,7,57893,referenced by active code or documentation
pi_jwm_v11_rollout_value_calibrator_cpu_bc_confirm_20260621,代码\artifacts\experiments\pi_jwm_v11_rollout_value_calibrator_cpu_bc_confirm_20260621,retain,false,true,true,6,36413,retained evidence or conservative default
pi_jwm_v11_rollout_value_calibrator_cpu_probe_64x2_20260621,代码\artifacts\experiments\pi_jwm_v11_rollout_value_calibrator_cpu_probe_64x2_20260621,manual-review,false,true,true,8,52611,transient-looking run retains checkpoint or structured result
pi_jwm_v11_rollout_value_calibrator_cpu_smoke_4x1_20260621,代码\artifacts\experiments\pi_jwm_v11_rollout_value_calibrator_cpu_smoke_4x1_20260621,manual-review,false,true,true,2,11064,transient-looking run retains checkpoint or structured result
pi_jwm_v11_rollout_value_calibrator_cpu_smoke_bridgefocus_4x1_20260621,代码\artifacts\experiments\pi_jwm_v11_rollout_value_calibrator_cpu_smoke_bridgefocus_4x1_20260621,manual-review,false,true,true,2,11052,transient-looking run retains checkpoint or structured result
pi_jwm_v11_rollout_value_calibrator_cpu_smoke_purebridge_4x1_20260621,代码\artifacts\experiments\pi_jwm_v11_rollout_value_calibrator_cpu_smoke_purebridge_4x1_20260621,manual-review,false,true,true,2,11092,transient-looking run retains checkpoint or structured result
pi_jwm_v11_rollout_value_calibrator_stagea_baseline_e0_20260621,代码\artifacts\experiments\pi_jwm_v11_rollout_value_calibrator_stagea_baseline_e0_20260621,retain,false,true,true,2,15900,retained evidence or conservative default
pi_jwm_v11_rollout_value_calibrator_stagea_v10_cpu_smoke_16x1_20260621,代码\artifacts\experiments\pi_jwm_v11_rollout_value_calibrator_stagea_v10_cpu_smoke_16x1_20260621,manual-review,false,true,true,2,16348,transient-looking run retains checkpoint or structured result
pi_jwm_v11_scheduler_group_total_generation_512_20260622,代码\artifacts\experiments\pi_jwm_v11_scheduler_group_total_generation_512_20260622,retain,false,false,true,5,8309,retained evidence or conservative default
pi_jwm_v11_scheduler_group_total_model_512_20260622,代码\artifacts\experiments\pi_jwm_v11_scheduler_group_total_model_512_20260622,retain,false,false,true,5,9027,retained evidence or conservative default
pi_jwm_v11_scheduler_pattern_generation_512_20260622,代码\artifacts\experiments\pi_jwm_v11_scheduler_pattern_generation_512_20260622,retain,false,false,true,5,7777,retained evidence or conservative default
pi_jwm_v11_scheduler_pattern_generation_smoke_20260622,代码\artifacts\experiments\pi_jwm_v11_scheduler_pattern_generation_smoke_20260622,manual-review,false,false,true,5,5306,transient-looking run retains checkpoint or structured result
pi_jwm_v11_scheduler_pattern_group_total_512_20260626,代码\artifacts\experiments\pi_jwm_v11_scheduler_pattern_group_total_512_20260626,retain,false,false,true,5,10941,retained evidence or conservative default
pi_jwm_v11_scheduler_pattern_oracle_group_total_256_20260628,代码\artifacts\experiments\pi_jwm_v11_scheduler_pattern_oracle_group_total_256_20260628,retain,false,false,true,5,14990,retained evidence or conservative default
pi_jwm_v11_scheduler_ranked_allocation_512_20260622,代码\artifacts\experiments\pi_jwm_v11_scheduler_ranked_allocation_512_20260622,retain,false,false,true,4,124872,retained evidence or conservative default
pi_jwm_v11_scheduler_ranked_allocation_blend_alpha1_confirm_1024_20260622,代码\artifacts\experiments\pi_jwm_v11_scheduler_ranked_allocation_blend_alpha1_confirm_1024_20260622,retain,false,false,true,4,15826,retained evidence or conservative default
pi_jwm_v11_scheduler_ranked_allocation_conservative_value_512_20260622,代码\artifacts\experiments\pi_jwm_v11_scheduler_ranked_allocation_conservative_value_512_20260622,retain,false,false,true,4,21387,retained evidence or conservative default
pi_jwm_v11_scheduler_ranked_allocation_conservative_value_smoke_20260622,代码\artifacts\experiments\pi_jwm_v11_scheduler_ranked_allocation_conservative_value_smoke_20260622,manual-review,false,false,true,4,17650,transient-looking run retains checkpoint or structured result
pi_jwm_v11_scheduler_ranked_allocation_device_smoke_20260622,代码\artifacts\experiments\pi_jwm_v11_scheduler_ranked_allocation_device_smoke_20260622,manual-review,false,false,true,4,6131,transient-looking run retains checkpoint or structured result
pi_jwm_v11_scheduler_ranked_allocation_f1_backfill_gate_20260622,代码\artifacts\experiments\pi_jwm_v11_scheduler_ranked_allocation_f1_backfill_gate_20260622,retain,false,false,true,4,8497,retained evidence or conservative default
pi_jwm_v11_scheduler_ranked_allocation_f1_backfill_train8192_20260622,代码\artifacts\experiments\pi_jwm_v11_scheduler_ranked_allocation_f1_backfill_train8192_20260622,retain,false,false,true,4,8509,retained evidence or conservative default
pi_jwm_v11_scheduler_ranked_allocation_gpu_gate_confirm_20260622,代码\artifacts\experiments\pi_jwm_v11_scheduler_ranked_allocation_gpu_gate_confirm_20260622,retain,false,false,true,6,21643,retained evidence or conservative default
pi_jwm_v11_scheduler_ranked_allocation_injection_calib_1024_20260622,代码\artifacts\experiments\pi_jwm_v11_scheduler_ranked_allocation_injection_calib_1024_20260622,retain,false,false,true,4,85269,retained evidence or conservative default
pi_jwm_v11_scheduler_ranked_allocation_linkaware_alpha1_confirm_1024_20260622,代码\artifacts\experiments\pi_jwm_v11_scheduler_ranked_allocation_linkaware_alpha1_confirm_1024_20260622,retain,false,false,true,4,28718,retained evidence or conservative default
pi_jwm_v11_scheduler_ranked_allocation_linkaware_confirm_1024_20260622,代码\artifacts\experiments\pi_jwm_v11_scheduler_ranked_allocation_linkaware_confirm_1024_20260622,retain,false,false,true,4,29086,retained evidence or conservative default
pi_jwm_v11_scheduler_ranked_allocation_linkaware_narrow_512_20260622,代码\artifacts\experiments\pi_jwm_v11_scheduler_ranked_allocation_linkaware_narrow_512_20260622,retain,false,false,true,4,76678,retained evidence or conservative default
pi_jwm_v11_scheduler_ranked_allocation_linkaware_smoke_20260622,代码\artifacts\experiments\pi_jwm_v11_scheduler_ranked_allocation_linkaware_smoke_20260622,manual-review,false,false,true,4,12699,transient-looking run retains checkpoint or structured result
pi_jwm_v11_scheduler_ranked_allocation_model_feature_probe_512_20260622,代码\artifacts\experiments\pi_jwm_v11_scheduler_ranked_allocation_model_feature_probe_512_20260622,manual-review,false,false,true,4,9856,transient-looking run retains checkpoint or structured result
pi_jwm_v11_scheduler_ranked_allocation_redistribute_512_20260622,代码\artifacts\experiments\pi_jwm_v11_scheduler_ranked_allocation_redistribute_512_20260622,retain,false,false,true,4,145867,retained evidence or conservative default
pi_jwm_v11_scheduler_ranked_allocation_redistribute_smoke_20260622,代码\artifacts\experiments\pi_jwm_v11_scheduler_ranked_allocation_redistribute_smoke_20260622,manual-review,false,false,true,4,7220,transient-looking run retains checkpoint or structured result
pi_jwm_v11_scheduler_ranked_allocation_selector_target_1024_20260622,代码\artifacts\experiments\pi_jwm_v11_scheduler_ranked_allocation_selector_target_1024_20260622,retain,false,false,true,4,21297,retained evidence or conservative default
pi_jwm_v11_scheduler_ranked_allocation_selector_target_512_20260622,代码\artifacts\experiments\pi_jwm_v11_scheduler_ranked_allocation_selector_target_512_20260622,retain,false,false,true,4,28632,retained evidence or conservative default
pi_jwm_v11_scheduler_ranked_allocation_selector_target_smoke_20260622,代码\artifacts\experiments\pi_jwm_v11_scheduler_ranked_allocation_selector_target_smoke_20260622,manual-review,false,false,true,4,8761,transient-looking run retains checkpoint or structured result
pi_jwm_v11_scheduler_ranked_allocation_smoke_20260622,代码\artifacts\experiments\pi_jwm_v11_scheduler_ranked_allocation_smoke_20260622,manual-review,false,false,true,4,12484,transient-looking run retains checkpoint or structured result
pi_jwm_v11_scheduler_ranked_allocation_topk_confirm_1024_20260622,代码\artifacts\experiments\pi_jwm_v11_scheduler_ranked_allocation_topk_confirm_1024_20260622,retain,false,false,true,4,29179,retained evidence or conservative default
pi_jwm_v11_scheduler_ranked_allocation_train2048_confirm_20260622,代码\artifacts\experiments\pi_jwm_v11_scheduler_ranked_allocation_train2048_confirm_20260622,retain,false,false,true,4,11434,retained evidence or conservative default
pi_jwm_v11_scheduler_ranked_allocation_train4096_alpha_high_20260622,代码\artifacts\experiments\pi_jwm_v11_scheduler_ranked_allocation_train4096_alpha_high_20260622,retain,false,false,true,4,9323,retained evidence or conservative default
pi_jwm_v11_scheduler_ranked_allocation_train4096_confirm_20260622,代码\artifacts\experiments\pi_jwm_v11_scheduler_ranked_allocation_train4096_confirm_20260622,retain,false,false,true,4,7677,retained evidence or conservative default
pi_jwm_v11_scheduler_ranked_allocation_train4096_final_narrow_20260622,代码\artifacts\experiments\pi_jwm_v11_scheduler_ranked_allocation_train4096_final_narrow_20260622,retain,false,false,true,4,28809,retained evidence or conservative default
pi_jwm_v11_scheduler_ranked_allocation_train4096_valtest1024_20260622,代码\artifacts\experiments\pi_jwm_v11_scheduler_ranked_allocation_train4096_valtest1024_20260622,retain,false,false,true,4,28707,retained evidence or conservative default
pi_jwm_v11_scheduler_ranked_allocation_train8192_confirm_20260622,代码\artifacts\experiments\pi_jwm_v11_scheduler_ranked_allocation_train8192_confirm_20260622,retain,false,false,true,4,6443,retained evidence or conservative default
pi_jwm_v11_scheduler_ranked_allocation_train8192_fullvaltest_gpu_freeze_20260622,代码\artifacts\experiments\pi_jwm_v11_scheduler_ranked_allocation_train8192_fullvaltest_gpu_freeze_20260622,retain,false,false,true,6,7487,retained evidence or conservative default
pi_jwm_v11_soft_stepbudget_diag128_20260628,代码\artifacts\experiments\pi_jwm_v11_soft_stepbudget_diag128_20260628,retain,false,false,true,4,32711,retained evidence or conservative default
pi_jwm_v11_soft_stepbudget_smoke128_20260628,代码\artifacts\experiments\pi_jwm_v11_soft_stepbudget_smoke128_20260628,manual-review,false,false,true,4,27657,transient-looking run retains checkpoint or structured result
pi_jwm_v11_step_support_value_reconstruction_512_20260622,代码\artifacts\experiments\pi_jwm_v11_step_support_value_reconstruction_512_20260622,retain,false,false,true,5,72333,retained evidence or conservative default
pi_jwm_v11_step_support_value_reconstruction_confirm_1024_20260622,代码\artifacts\experiments\pi_jwm_v11_step_support_value_reconstruction_confirm_1024_20260622,retain,true,false,true,5,36317,referenced by active code or documentation
pi_jwm_v11_step_support_value_reconstruction_smoke_20260622,代码\artifacts\experiments\pi_jwm_v11_step_support_value_reconstruction_smoke_20260622,manual-review,false,false,true,5,11105,transient-looking run retains checkpoint or structured result
pi_jwm_v11_strategy_selector_pred_value_ops_small_256_20260628,代码\artifacts\experiments\pi_jwm_v11_strategy_selector_pred_value_ops_small_256_20260628,retain,false,false,true,4,11060,retained evidence or conservative default
pi_jwm_v11_strategy_selector_pred_value_slice384_20260628,代码\artifacts\experiments\pi_jwm_v11_strategy_selector_pred_value_slice384_20260628,retain,false,false,true,4,11133,retained evidence or conservative default
pi_jwm_v11_struct_support_posthoc_bridge32_20260629,代码\artifacts\experiments\pi_jwm_v11_struct_support_posthoc_bridge32_20260629,retain,false,false,true,8,25842,retained evidence or conservative default
pi_jwm_v11_structured_branch_value_smoke128_20260628,代码\artifacts\experiments\pi_jwm_v11_structured_branch_value_smoke128_20260628,manual-review,false,false,true,4,24436,transient-looking run retains checkpoint or structured result
pi_jwm_v11_structured_stepwise_penalty_smoke128_20260628,代码\artifacts\experiments\pi_jwm_v11_structured_stepwise_penalty_smoke128_20260628,manual-review,false,false,true,4,20259,transient-looking run retains checkpoint or structured result
pi_jwm_v11_structured_stepwise_smoke128_20260628,代码\artifacts\experiments\pi_jwm_v11_structured_stepwise_smoke128_20260628,manual-review,false,false,true,4,20220,transient-looking run retains checkpoint or structured result
pi_jwm_v11_support_gated_value_reconstruction_512_20260622,代码\artifacts\experiments\pi_jwm_v11_support_gated_value_reconstruction_512_20260622,retain,false,false,true,5,178557,retained evidence or conservative default
pi_jwm_v11_support_gated_value_reconstruction_smoke_20260622,代码\artifacts\experiments\pi_jwm_v11_support_gated_value_reconstruction_smoke_20260622,manual-review,false,false,true,5,7734,transient-looking run retains checkpoint or structured result
pi_jwm_v11_template_policy_selector_512_20260627,代码\artifacts\experiments\pi_jwm_v11_template_policy_selector_512_20260627,retain,false,false,true,4,31712,retained evidence or conservative default
pi_jwm_v11_template_policy_selector_rollout_label_512_20260627,代码\artifacts\experiments\pi_jwm_v11_template_policy_selector_rollout_label_512_20260627,retain,false,false,true,4,32341,retained evidence or conservative default
pi_jwm_v11_template_policy_selector_smoke_20260627,代码\artifacts\experiments\pi_jwm_v11_template_policy_selector_smoke_20260627,manual-review,false,false,true,4,10268,transient-looking run retains checkpoint or structured result
pi_jwm_v11_two_endpoint_gate_sweep_cpu_20260629,代码\artifacts\experiments\pi_jwm_v11_two_endpoint_gate_sweep_cpu_20260629,retain,false,false,true,24,73632,retained evidence or conservative default
pi_jwm_v11_value_gap_audit_20260628,代码\artifacts\experiments\pi_jwm_v11_value_gap_audit_20260628,retain,true,false,true,3,6594,referenced by active code or documentation
pi_jwm_v11_value_weighted_activity_cpu_smoke_20260628,代码\artifacts\experiments\pi_jwm_v11_value_weighted_activity_cpu_smoke_20260628,manual-review,false,true,true,7,1487638,transient-looking run retains checkpoint or structured result
pi_jwm_v11_weighted_rf_value_reconstruction_confirm_1024_20260622,代码\artifacts\experiments\pi_jwm_v11_weighted_rf_value_reconstruction_confirm_1024_20260622,retain,false,false,true,5,9894,retained evidence or conservative default
pi_jwm_v11_wide_point_oracle_val384_20260629,代码\artifacts\experiments\pi_jwm_v11_wide_point_oracle_val384_20260629,retain,false,false,true,3,47819,retained evidence or conservative default
pi_jwm_v11_xgb_rank_support_256_20260628,代码\artifacts\experiments\pi_jwm_v11_xgb_rank_support_256_20260628,retain,true,false,true,4,35968,referenced by active code or documentation
pi_jwm_v11_xgb_value_ranked_allocation_tiny_20260628,代码\artifacts\experiments\pi_jwm_v11_xgb_value_ranked_allocation_tiny_20260628,retain,true,false,true,4,20606,referenced by active code or documentation
pi_jwm_v6_dual_graph,代码\artifacts\experiments\pi_jwm_v6_dual_graph,retain,true,false,true,4,7013612,referenced by active code or documentation
pi_jwm_v6_dual_graph_full80,代码\artifacts\experiments\pi_jwm_v6_dual_graph_full80,retain,false,false,true,3,138805,retained evidence or conservative default
pi_jwm_v6_eval_cpu256,代码\artifacts\experiments\pi_jwm_v6_eval_cpu256,retain,false,true,true,6,514345,retained evidence or conservative default
pi_jwm_v6_eval_full80,代码\artifacts\experiments\pi_jwm_v6_eval_full80,retain,true,false,true,4,145164,referenced by active code or documentation
pi_jwm_v6_eval_smoke,代码\artifacts\experiments\pi_jwm_v6_eval_smoke,manual-review,false,true,true,3,61130,transient-looking run retains checkpoint or structured result
pi_jwm_v7_action_policy_cross_attention_200,代码\artifacts\experiments\pi_jwm_v7_action_policy_cross_attention_200,retain,true,false,true,2,186782,referenced by active code or documentation
pi_jwm_v7_action_policy_smoke,代码\artifacts\experiments\pi_jwm_v7_action_policy_smoke,manual-review,false,true,true,3,101408,transient-looking run retains checkpoint or structured result
pi_jwm_v7_action_specialist,代码\artifacts\experiments\pi_jwm_v7_action_specialist,retain,true,false,true,5,126736,referenced by active code or documentation
pi_jwm_v7_active_mixed_smoke,代码\artifacts\experiments\pi_jwm_v7_active_mixed_smoke,manual-review,false,true,true,3,183557,transient-looking run retains checkpoint or structured result
pi_jwm_v7_active_rate_aux_cpu_smoke,代码\artifacts\experiments\pi_jwm_v7_active_rate_aux_cpu_smoke,manual-review,false,true,true,3,75137,transient-looking run retains checkpoint or structured result
pi_jwm_v7_active_rate_auxiliary_comparison,代码\artifacts\experiments\pi_jwm_v7_active_rate_auxiliary_comparison,retain,false,false,true,2,3808,retained evidence or conservative default
pi_jwm_v7_active_rate_specialist,代码\artifacts\experiments\pi_jwm_v7_active_rate_specialist,retain,true,false,true,4,90094,referenced by active code or documentation
pi_jwm_v7_active_rate_teacher_cpu_smoke,代码\artifacts\experiments\pi_jwm_v7_active_rate_teacher_cpu_smoke,manual-review,false,true,true,3,70245,transient-looking run retains checkpoint or structured result
pi_jwm_v7_active_selected_comparison,代码\artifacts\experiments\pi_jwm_v7_active_selected_comparison,retain,false,false,true,2,4052,retained evidence or conservative default
pi_jwm_v7_activity_gated_comparison,代码\artifacts\experiments\pi_jwm_v7_activity_gated_comparison,retain,false,false,true,2,2616,retained evidence or conservative default
pi_jwm_v7_activity_gated_rate_head_cpu_smoke,代码\artifacts\experiments\pi_jwm_v7_activity_gated_rate_head_cpu_smoke,manual-review,false,true,true,3,62791,transient-looking run retains checkpoint or structured result
pi_jwm_v7_aux_hard_zero_cpu_smoke,代码\artifacts\experiments\pi_jwm_v7_aux_hard_zero_cpu_smoke,manual-review,false,true,true,3,75362,transient-looking run retains checkpoint or structured result
pi_jwm_v7_aux_oracle_zero_cpu_smoke,代码\artifacts\experiments\pi_jwm_v7_aux_oracle_zero_cpu_smoke,manual-review,false,true,true,3,75361,transient-looking run retains checkpoint or structured result
pi_jwm_v7_aux_soft_zero_cpu_smoke,代码\artifacts\experiments\pi_jwm_v7_aux_soft_zero_cpu_smoke,manual-review,false,true,true,3,75361,transient-looking run retains checkpoint or structured result
pi_jwm_v7_concat_active_mixed_200,代码\artifacts\experiments\pi_jwm_v7_concat_active_mixed_200,retain,true,false,true,2,226478,referenced by active code or documentation
pi_jwm_v7_concat_activity_gated_active_mixed_200,代码\artifacts\experiments\pi_jwm_v7_concat_activity_gated_active_mixed_200,retain,false,true,true,3,824708,retained evidence or conservative default
pi_jwm_v7_concat_fusion_full80,代码\artifacts\experiments\pi_jwm_v7_concat_fusion_full80,retain,true,false,true,2,49645,referenced by active code or documentation
pi_jwm_v7_cross_attention_active_mixed_200,代码\artifacts\experiments\pi_jwm_v7_cross_attention_active_mixed_200,retain,true,false,true,2,227318,referenced by active code or documentation
pi_jwm_v7_cross_attention_active_only_200,代码\artifacts\experiments\pi_jwm_v7_cross_attention_active_only_200,retain,false,false,true,2,226025,retained evidence or conservative default
pi_jwm_v7_cross_attention_active_rate_aux_active_mixed_200,代码\artifacts\experiments\pi_jwm_v7_cross_attention_active_rate_aux_active_mixed_200,retain,false,true,true,3,936632,retained evidence or conservative default
pi_jwm_v7_cross_attention_active_rate_aux_active_mixed_200_w10,代码\artifacts\experiments\pi_jwm_v7_cross_attention_active_rate_aux_active_mixed_200_w10,retain,false,true,true,3,936649,retained evidence or conservative default
pi_jwm_v7_cross_attention_activity_gated_active_mixed_200,代码\artifacts\experiments\pi_jwm_v7_cross_attention_activity_gated_active_mixed_200,retain,false,true,true,3,863061,retained evidence or conservative default
pi_jwm_v7_cross_attention_aux_hard_zero_active_mixed_200,代码\artifacts\experiments\pi_jwm_v7_cross_attention_aux_hard_zero_active_mixed_200,retain,false,true,true,3,936893,retained evidence or conservative default
pi_jwm_v7_cross_attention_aux_oracle_zero_active_mixed_200,代码\artifacts\experiments\pi_jwm_v7_cross_attention_aux_oracle_zero_active_mixed_200,retain,false,true,true,3,938332,retained evidence or conservative default
pi_jwm_v7_cross_attention_aux_soft_zero_active_mixed_200,代码\artifacts\experiments\pi_jwm_v7_cross_attention_aux_soft_zero_active_mixed_200,retain,false,true,true,3,937219,retained evidence or conservative default
pi_jwm_v7_cross_attention_aux_soft_zero_ridge_teacher_w03_active_mixed_200,代码\artifacts\experiments\pi_jwm_v7_cross_attention_aux_soft_zero_ridge_teacher_w03_active_mixed_200,retain,false,true,true,3,942769,retained evidence or conservative default
pi_jwm_v7_cross_attention_aux_soft_zero_w10_active_mixed_200,代码\artifacts\experiments\pi_jwm_v7_cross_attention_aux_soft_zero_w10_active_mixed_200,retain,false,true,true,3,937395,retained evidence or conservative default
pi_jwm_v7_cross_attention_fusion_full80,代码\artifacts\experiments\pi_jwm_v7_cross_attention_fusion_full80,retain,true,false,true,2,49680,referenced by active code or documentation
pi_jwm_v7_cross_attention_log1p_rate_active_mixed_200,代码\artifacts\experiments\pi_jwm_v7_cross_attention_log1p_rate_active_mixed_200,retain,false,true,true,3,911891,retained evidence or conservative default
pi_jwm_v7_cross_attention_log1p_rate_clipped_active_mixed_200,代码\artifacts\experiments\pi_jwm_v7_cross_attention_log1p_rate_clipped_active_mixed_200,retain,false,true,true,3,911443,retained evidence or conservative default
pi_jwm_v7_cross_attention_residual_activity_gated_active_mixed_200,代码\artifacts\experiments\pi_jwm_v7_cross_attention_residual_activity_gated_active_mixed_200,retain,false,true,true,3,880399,retained evidence or conservative default
pi_jwm_v7_cross_attention_residual_last_rate_active_mixed_200,代码\artifacts\experiments\pi_jwm_v7_cross_attention_residual_last_rate_active_mixed_200,retain,false,true,true,3,913310,retained evidence or conservative default
pi_jwm_v7_cross_attention_ridge_teacher_active_mixed_200_w03,代码\artifacts\experiments\pi_jwm_v7_cross_attention_ridge_teacher_active_mixed_200_w03,retain,false,true,true,3,899740,retained evidence or conservative default
pi_jwm_v7_cross_attention_smoke,代码\artifacts\experiments\pi_jwm_v7_cross_attention_smoke,manual-review,false,true,true,3,182764,transient-looking run retains checkpoint or structured result
pi_jwm_v7_fusion_full80,代码\artifacts\experiments\pi_jwm_v7_fusion_full80,retain,true,false,true,1,1139,referenced by active code or documentation
pi_jwm_v7_gated_fusion_full80,代码\artifacts\experiments\pi_jwm_v7_gated_fusion_full80,retain,true,false,true,2,49576,referenced by active code or documentation
pi_jwm_v7_gated_fusion_smoke,代码\artifacts\experiments\pi_jwm_v7_gated_fusion_smoke,manual-review,false,true,true,3,177781,transient-looking run retains checkpoint or structured result
pi_jwm_v7_gated_synthetic_check,代码\artifacts\experiments\pi_jwm_v7_gated_synthetic_check,retain,false,false,true,2,1413,retained evidence or conservative default
pi_jwm_v7_hybrid_attention_active_mixed_200,代码\artifacts\experiments\pi_jwm_v7_hybrid_attention_active_mixed_200,retain,true,false,true,2,226930,referenced by active code or documentation
pi_jwm_v7_log_rate_clipped_cpu_smoke,代码\artifacts\experiments\pi_jwm_v7_log_rate_clipped_cpu_smoke,manual-review,false,true,true,3,72309,transient-looking run retains checkpoint or structured result
pi_jwm_v7_log_rate_clipped_cpu_smoke_v2,代码\artifacts\experiments\pi_jwm_v7_log_rate_clipped_cpu_smoke_v2,manual-review,false,true,true,3,72305,transient-looking run retains checkpoint or structured result
pi_jwm_v7_log_rate_cpu_smoke,代码\artifacts\experiments\pi_jwm_v7_log_rate_cpu_smoke,manual-review,false,true,true,3,72195,transient-looking run retains checkpoint or structured result
pi_jwm_v7_rate_head_comparison,代码\artifacts\experiments\pi_jwm_v7_rate_head_comparison,retain,false,false,true,2,2098,retained evidence or conservative default
pi_jwm_v7_rate_target_transform_comparison,代码\artifacts\experiments\pi_jwm_v7_rate_target_transform_comparison,retain,false,false,true,2,1821,retained evidence or conservative default
pi_jwm_v7_residual_activity_gated_cpu_smoke,代码\artifacts\experiments\pi_jwm_v7_residual_activity_gated_cpu_smoke,manual-review,false,true,true,3,70193,transient-looking run retains checkpoint or structured result
pi_jwm_v7_residual_baseline_comparison,代码\artifacts\experiments\pi_jwm_v7_residual_baseline_comparison,retain,false,false,true,2,2442,retained evidence or conservative default
pi_jwm_v7_residual_last_rate_cpu_smoke,代码\artifacts\experiments\pi_jwm_v7_residual_last_rate_cpu_smoke,manual-review,false,true,true,3,72297,transient-looking run retains checkpoint or structured result
pi_jwm_v7_ridge_teacher_cpu_smoke,代码\artifacts\experiments\pi_jwm_v7_ridge_teacher_cpu_smoke,manual-review,false,true,true,3,70142,transient-looking run retains checkpoint or structured result
pi_jwm_v7_teacher_distillation_comparison,代码\artifacts\experiments\pi_jwm_v7_teacher_distillation_comparison,retain,false,false,true,2,2669,retained evidence or conservative default
pi_jwm_v8_active_heavy_c6_candidate_prune_20260615,代码\artifacts\experiments\pi_jwm_v8_active_heavy_c6_candidate_prune_20260615,retain,true,true,true,14,6450465,referenced by active code or documentation
pi_jwm_v8_active_heavy_c6_candidate_prune_cpu_smoke_20260615,代码\artifacts\experiments\pi_jwm_v8_active_heavy_c6_candidate_prune_cpu_smoke_20260615,manual-review,false,true,true,4,229483,transient-looking run retains checkpoint or structured result
pi_jwm_v8_active_heavy_c6_cpu_smoke_20260615,代码\artifacts\experiments\pi_jwm_v8_active_heavy_c6_cpu_smoke_20260615,retain,true,true,true,4,226300,referenced by active code or documentation
pi_jwm_v8_active_heavy_c6_fp_cpu_smoke_20260615,代码\artifacts\experiments\pi_jwm_v8_active_heavy_c6_fp_cpu_smoke_20260615,retain,true,true,true,4,226488,referenced by active code or documentation
pi_jwm_v8_active_heavy_c6_fp_penalty_20260615,代码\artifacts\experiments\pi_jwm_v8_active_heavy_c6_fp_penalty_20260615,retain,true,true,true,15,6418730,referenced by active code or documentation
pi_jwm_v8_active_heavy_c6_loss_repair_20260615,代码\artifacts\experiments\pi_jwm_v8_active_heavy_c6_loss_repair_20260615,retain,true,false,true,9,777540,referenced by active code or documentation
pi_jwm_v8_active_heavy_c6_rate_only_cpu_smoke_20260615,代码\artifacts\experiments\pi_jwm_v8_active_heavy_c6_rate_only_cpu_smoke_20260615,manual-review,false,true,true,4,229588,transient-looking run retains checkpoint or structured result
pi_jwm_v8_active_heavy_c6_rate_only_prune_20260615,代码\artifacts\experiments\pi_jwm_v8_active_heavy_c6_rate_only_prune_20260615,retain,false,true,true,5,2155904,retained evidence or conservative default
pi_jwm_v8_active_heavy_v1_residual_calibration_20260615,代码\artifacts\experiments\pi_jwm_v8_active_heavy_v1_residual_calibration_20260615,retain,false,false,true,12,7087314,retained evidence or conservative default
pi_jwm_v8_active_heavy_v1_retrain_20260615,代码\artifacts\experiments\pi_jwm_v8_active_heavy_v1_retrain_20260615,retain,true,true,true,11,4504029,referenced by active code or documentation
pi_jwm_v8_active_rate_error_diagnosis_20260615,代码\artifacts\experiments\pi_jwm_v8_active_rate_error_diagnosis_20260615,retain,false,false,true,10,100113,retained evidence or conservative default
pi_jwm_v8_active_rate_residual_calibration_20260615,代码\artifacts\experiments\pi_jwm_v8_active_rate_residual_calibration_20260615,retain,true,false,true,6,937108,referenced by active code or documentation
pi_jwm_v8_cross_attention_aux_soft_zero_cpu128_e2,代码\artifacts\experiments\pi_jwm_v8_cross_attention_aux_soft_zero_cpu128_e2,retain,false,true,true,3,226550,retained evidence or conservative default
pi_jwm_v8_full_smoke,代码\artifacts\experiments\pi_jwm_v8_full_smoke,retain,true,false,true,2,1414,referenced by active code or documentation
pi_jwm_v8_full_training_cpu128_e2,代码\artifacts\experiments\pi_jwm_v8_full_training_cpu128_e2,retain,false,true,true,3,209506,retained evidence or conservative default
pi_jwm_v8_full_training_smoke,代码\artifacts\experiments\pi_jwm_v8_full_training_smoke,retain,true,true,true,3,85166,referenced by active code or documentation
pi_jwm_v8_full_training_smoke_refactor_check,代码\artifacts\experiments\pi_jwm_v8_full_training_smoke_refactor_check,manual-review,false,true,true,3,85981,transient-looking run retains checkpoint or structured result
pi_jwm_v8_gpu_combined_stack_20260615,代码\artifacts\experiments\pi_jwm_v8_gpu_combined_stack_20260615,retain,true,true,true,16,12230926,referenced by active code or documentation
pi_jwm_v8_gpu_full_ablation_20260614,代码\artifacts\experiments\pi_jwm_v8_gpu_full_ablation_20260614,retain,true,true,true,18,3595115,referenced by active code or documentation
pi_jwm_v8_gpu_m5_loss_balance_20260614,代码\artifacts\experiments\pi_jwm_v8_gpu_m5_loss_balance_20260614,retain,true,true,true,24,12195702,referenced by active code or documentation
pi_jwm_v8_gpu_stgcn_full_ablation_20260614,代码\artifacts\experiments\pi_jwm_v8_gpu_stgcn_full_ablation_20260614,retain,true,false,true,2,276755,referenced by active code or documentation
pi_jwm_v8_local_compare_v7_6_smoke,代码\artifacts\experiments\pi_jwm_v8_local_compare_v7_6_smoke,manual-review,false,true,true,3,75364,transient-looking run retains checkpoint or structured result
pi_jwm_v8_m5_recurrent_composite_cpu128_e2,代码\artifacts\experiments\pi_jwm_v8_m5_recurrent_composite_cpu128_e2,retain,false,true,true,4,555119,retained evidence or conservative default
pi_jwm_v8_moe_cross_aux_cpu128_e2,代码\artifacts\experiments\pi_jwm_v8_moe_cross_aux_cpu128_e2,retain,false,true,true,3,243960,retained evidence or conservative default
pi_jwm_v8_recurrent_latent_cross_aux_cpu128_e2,代码\artifacts\experiments\pi_jwm_v8_recurrent_latent_cross_aux_cpu128_e2,retain,false,true,true,3,280227,retained evidence or conservative default
pi_jwm_v8_stgcn_full_cross_aux_cpu128_e2,代码\artifacts\experiments\pi_jwm_v8_stgcn_full_cross_aux_cpu128_e2,retain,false,true,true,4,964181,retained evidence or conservative default
pi_jwm_v8_stgcn_light_cross_aux_cpu128_e2,代码\artifacts\experiments\pi_jwm_v8_stgcn_light_cross_aux_cpu128_e2,retain,false,true,true,3,424360,retained evidence or conservative default
pi_jwm_v8_temporal_conv_cross_aux_cpu128_e2,代码\artifacts\experiments\pi_jwm_v8_temporal_conv_cross_aux_cpu128_e2,retain,false,true,true,3,358068,retained evidence or conservative default
pi_jwm_v9_active_mass_allocator_20260617,代码\artifacts\experiments\pi_jwm_v9_active_mass_allocator_20260617,retain,true,true,true,23,12884881,referenced by active code or documentation
pi_jwm_v9_active_mass_allocator_cpu_smoke_20260617,代码\artifacts\experiments\pi_jwm_v9_active_mass_allocator_cpu_smoke_20260617,manual-review,false,true,true,4,257641,transient-looking run retains checkpoint or structured result
pi_jwm_v9_adaptive_sparse_edge_20260616,代码\artifacts\experiments\pi_jwm_v9_adaptive_sparse_edge_20260616,retain,true,false,true,9,1056958,referenced by active code or documentation
pi_jwm_v9_balanced_rate_gpu_20260619,代码\artifacts\experiments\pi_jwm_v9_balanced_rate_gpu_20260619,retain,true,true,true,46,21289024,referenced by active code or documentation
pi_jwm_v9_bmc_cpu_smoke_20260619,代码\artifacts\experiments\pi_jwm_v9_bmc_cpu_smoke_20260619,manual-review,false,true,true,4,148626,transient-looking run retains checkpoint or structured result
pi_jwm_v9_bmc_expanded_v2_cpu_smoke_20260619,代码\artifacts\experiments\pi_jwm_v9_bmc_expanded_v2_cpu_smoke_20260619,manual-review,false,true,true,4,148524,transient-looking run retains checkpoint or structured result
pi_jwm_v9_bmc_sigma5_cpu_smoke_20260619,代码\artifacts\experiments\pi_jwm_v9_bmc_sigma5_cpu_smoke_20260619,manual-review,false,true,true,4,148641,transient-looking run retains checkpoint or structured result
pi_jwm_v9_bottleneck_diagnosis_20260619,代码\artifacts\experiments\pi_jwm_v9_bottleneck_diagnosis_20260619,retain,true,false,true,12,95922,referenced by active code or documentation
pi_jwm_v9_bottleneck_diagnosis_multi_20260619,代码\artifacts\experiments\pi_jwm_v9_bottleneck_diagnosis_multi_20260619,retain,false,false,true,12,192515,retained evidence or conservative default
pi_jwm_v9_c9_dual_head_20260617,代码\artifacts\experiments\pi_jwm_v9_c9_dual_head_20260617,retain,true,false,true,13,2484804,referenced by active code or documentation
pi_jwm_v9_c9_dual_head_cpu_smoke_20260617,代码\artifacts\experiments\pi_jwm_v9_c9_dual_head_cpu_smoke_20260617,manual-review,false,true,true,4,239808,transient-looking run retains checkpoint or structured result
pi_jwm_v9_c9_repair_20260617,代码\artifacts\experiments\pi_jwm_v9_c9_repair_20260617,retain,true,false,true,13,2140637,referenced by active code or documentation
pi_jwm_v9_candidate_hurdle_event_20260615,代码\artifacts\experiments\pi_jwm_v9_candidate_hurdle_event_20260615,retain,true,false,true,10,1214504,referenced by active code or documentation
pi_jwm_v9_cpu_gate_20260619,代码\artifacts\experiments\pi_jwm_v9_cpu_gate_20260619,retain,false,false,true,1,3686,retained evidence or conservative default
pi_jwm_v9_dynamic_hard_negative_20260617,代码\artifacts\experiments\pi_jwm_v9_dynamic_hard_negative_20260617,retain,true,false,true,9,1131971,referenced by active code or documentation
pi_jwm_v9_dynamic_hard_negative_cpu_smoke_20260617,代码\artifacts\experiments\pi_jwm_v9_dynamic_hard_negative_cpu_smoke_20260617,retain,true,true,true,4,228693,referenced by active code or documentation
pi_jwm_v9_event_memory_activity_routing_20260616,代码\artifacts\experiments\pi_jwm_v9_event_memory_activity_routing_20260616,retain,true,false,true,10,2137319,referenced by active code or documentation
pi_jwm_v9_existing_checkpoint_operating_search_fast_20260617,代码\artifacts\experiments\pi_jwm_v9_existing_checkpoint_operating_search_fast_20260617,retain,false,false,true,6,680102,retained evidence or conservative default
pi_jwm_v9_expanded_v2_gpu_20260619,代码\artifacts\experiments\pi_jwm_v9_expanded_v2_gpu_20260619,retain,true,true,true,40,20133818,referenced by active code or documentation
pi_jwm_v9_gate_aware_selection_20260617,代码\artifacts\experiments\pi_jwm_v9_gate_aware_selection_20260617,retain,true,false,true,12,1552301,referenced by active code or documentation
pi_jwm_v9_gate_aware_selection_cpu_smoke_20260617,代码\artifacts\experiments\pi_jwm_v9_gate_aware_selection_cpu_smoke_20260617,manual-review,false,true,true,4,229253,transient-looking run retains checkpoint or structured result
pi_jwm_v9_gate_calibration_cpu_smoke_20260617,代码\artifacts\experiments\pi_jwm_v9_gate_calibration_cpu_smoke_20260617,retain,true,false,true,3,6295,referenced by active code or documentation
pi_jwm_v9_gate_mode_cpu_smoke_20260616,代码\artifacts\experiments\pi_jwm_v9_gate_mode_cpu_smoke_20260616,manual-review,false,true,true,4,236451,transient-looking run retains checkpoint or structured result
pi_jwm_v9_gate_scale_calibration_20260617,代码\artifacts\experiments\pi_jwm_v9_gate_scale_calibration_20260617,retain,true,false,true,3,122372,referenced by active code or documentation
pi_jwm_v9_hard_rate_gate_calibration_20260617,代码\artifacts\experiments\pi_jwm_v9_hard_rate_gate_calibration_20260617,retain,true,false,true,3,242304,referenced by active code or documentation
pi_jwm_v9_high_rate_link_balance_20260617,代码\artifacts\experiments\pi_jwm_v9_high_rate_link_balance_20260617,retain,true,false,true,11,1651989,referenced by active code or documentation
pi_jwm_v9_high_rate_weight_20260617,代码\artifacts\experiments\pi_jwm_v9_high_rate_weight_20260617,retain,true,false,true,11,1651212,referenced by active code or documentation
pi_jwm_v9_hurdle_event_cpu_smoke_20260615,代码\artifacts\experiments\pi_jwm_v9_hurdle_event_cpu_smoke_20260615,manual-review,false,true,true,4,236093,transient-looking run retains checkpoint or structured result
pi_jwm_v9_hurdle_gate_calibration_20260617,代码\artifacts\experiments\pi_jwm_v9_hurdle_gate_calibration_20260617,retain,true,false,true,3,89440,referenced by active code or documentation
pi_jwm_v9_hurdle_gate_mode_20260616,代码\artifacts\experiments\pi_jwm_v9_hurdle_gate_mode_20260616,retain,true,false,true,9,990337,referenced by active code or documentation
pi_jwm_v9_hurdle_refine_20260615,代码\artifacts\experiments\pi_jwm_v9_hurdle_refine_20260615,retain,true,false,true,17,2272057,referenced by active code or documentation
pi_jwm_v9_hybrid_activity_rate_20260616,代码\artifacts\experiments\pi_jwm_v9_hybrid_activity_rate_20260616,retain,false,false,true,8,12694,retained evidence or conservative default
pi_jwm_v9_lds_cpu_smoke64_20260619,代码\artifacts\experiments\pi_jwm_v9_lds_cpu_smoke64_20260619,manual-review,false,true,true,4,151977,transient-looking run retains checkpoint or structured result
pi_jwm_v9_lds_cpu_smoke_20260619,代码\artifacts\experiments\pi_jwm_v9_lds_cpu_smoke_20260619,manual-review,false,true,true,4,151039,transient-looking run retains checkpoint or structured result
pi_jwm_v9_positive_rate_specialist_20260616,代码\artifacts\experiments\pi_jwm_v9_positive_rate_specialist_20260616,retain,true,false,true,14,2870328,referenced by active code or documentation
pi_jwm_v9_positive_rate_specialist_cpu_smoke_20260616,代码\artifacts\experiments\pi_jwm_v9_positive_rate_specialist_cpu_smoke_20260616,retain,true,true,true,4,205879,referenced by active code or documentation
pi_jwm_v9_predicted_w1_repro_20260617,代码\artifacts\experiments\pi_jwm_v9_predicted_w1_repro_20260617,retain,true,false,true,9,1234129,referenced by active code or documentation
pi_jwm_v9_research_20260616,代码\artifacts\experiments\pi_jwm_v9_research_20260616,retain,true,false,true,12,136764,referenced by active code or documentation
pi_jwm_v9_selective_soft_gate_small_20260617,代码\artifacts\experiments\pi_jwm_v9_selective_soft_gate_small_20260617,retain,true,false,true,3,49834,referenced by active code or documentation
pi_jwm_v9_teacher_gate_high_rate_20260617,代码\artifacts\experiments\pi_jwm_v9_teacher_gate_high_rate_20260617,retain,true,false,true,11,1651590,referenced by active code or documentation
pi_jwm_v9_topk_checkpoint_20260617,代码\artifacts\experiments\pi_jwm_v9_topk_checkpoint_20260617,retain,true,false,true,23,27271159,referenced by active code or documentation
pi_jwm_v9_train_gate_power_20260617,代码\artifacts\experiments\pi_jwm_v9_train_gate_power_20260617,retain,true,false,true,11,1595794,referenced by active code or documentation
pi_jwm_v9_train_gate_power_calibration_20260617,代码\artifacts\experiments\pi_jwm_v9_train_gate_power_calibration_20260617,retain,true,false,true,3,85333,referenced by active code or documentation
pi_jwm_v9_tweedie_positive_rate_20260617,代码\artifacts\experiments\pi_jwm_v9_tweedie_positive_rate_20260617,retain,true,false,true,11,1581482,referenced by active code or documentation
