seed,time,uav_id,current_x,current_y,current_z,target_source,target_x,target_y,target_z,angle,phi,speed
0,0.1,UAV_0,675.5374812200384,606.363522352242,142.05715808308452,random,0.0,0.0,0.0,3.8459108515969884,0.0,27.009476525185097
0,0.1,UAV_1,207.13340023437067,409.0197770948868,140.49341374504144,random,0.0,0.0,0.0,3.8763106246630494,0.0,16.60394437195997
0,0.2,UAV_0,673.4792154036431,604.6146198247396,142.05715808308452,random,0.0,0.0,0.0,4.845253826702271,0.0,24.205068472749737
0,0.2,UAV_1,205.90135460501313,407.9066853402447,140.49341374504144,random,0.0,0.0,0.0,2.067269494316674,0.0,25.700955192469536
0,0.3,UAV_0,673.7998703035302,602.2154462518434,142.05715808308452,random,0.0,0.0,0.0,0.3191709846809343,0.0,24.605571527064498
0,0.3,UAV_1,204.67714749154615,410.1664879691019,140.49341374504144,random,0.0,0.0,0.0,3.835528075777462,0.0,24.072850923310405
0,0.4,UAV_0,676.1361591637343,602.9875186988464,142.05715808308452,random,0.0,0.0,0.0,5.909315736551524,0.0,11.824319076604517
0,0.4,UAV_1,202.82658317028677,408.6268668440711,140.49341374504144,random,0.0,0.0,0.0,6.073368666470795,0.0,29.864431071289566
0,0.5,UAV_0,677.2369099433896,602.55567041838,142.05715808308452,random,0.0,0.0,0.0,2.5725179904474405,0.0,12.496214292562142
0,0.5,UAV_1,205.74753095601548,408.00484878551924,140.49341374504144,random,0.0,0.0,0.0,0.1838817154177001,0.0,16.655010255346724
0,0.6,UAV_0,676.1842289062711,603.22903239425,142.05715808308452,random,0.0,0.0,0.0,0.06914589030094503,0.0,13.677374450771707
0,0.6,UAV_1,207.3849538669458,408.30938101175735,140.49341374504144,random,0.0,0.0,0.0,4.121374793306547,0.0,26.42934429447793
0,0.7,UAV_0,677.5486979721006,603.3235304739158,142.05715808308452,random,0.0,0.0,0.0,6.111743983693366,0.0,10.65944829773503
0,0.7,UAV_1,205.91230164261023,406.1147516980645,140.49341374504144,random,0.0,0.0,0.0,0.4481373603714198,0.0,29.625994809964208
0,0.8,UAV_0,678.5990159406296,603.141677387315,142.05715808308452,random,0.0,0.0,0.0,4.76880162513999,0.0,27.96346242715758
0,0.8,UAV_1,208.58236138250538,407.39840923424435,140.49341374504144,random,0.0,0.0,0.0,1.0293935632939428,0.0,28.461648796403537
0,0.9,UAV_0,678.7566815712785,600.3497794919645,142.05715808308452,random,0.0,0.0,0.0,0.1353865995010558,0.0,20.81199849896109
0,0.9,UAV_1,210.04910014312858,409.837534472969,140.49341374504144,nearest_mission,692.247942217312,208.39384831356753,100.0,-0.3957228815762119,-0.0773321971840512,17.825921004692496
0,1.0,UAV_0,680.8188368288046,600.6306860761963,142.05715808308452,random,0.0,0.0,0.0,2.6016523647223586,0.0,24.105667997088126
0,1.0,UAV_1,211.68901442028277,409.1524428714331,140.35569933858298,nearest_mission,692.247942217312,208.39384831356753,100.0,-0.3957228815762119,-0.07733219718405121,15.512682426242543
0,1.1,UAV_0,678.7511987578342,601.869921769409,142.05715808308452,random,0.0,0.0,0.0,3.0655848321114627,0.0,19.72888403938334
0,1.1,UAV_1,213.11611989107766,408.5562544083116,140.2358558896893,nearest_mission,692.247942217312,208.39384831356753,100.0,-0.3957228815762119,-0.07733219718405121,22.602946808229454
0,1.2,UAV_0,676.7840064853209,602.0197323743681,142.05715808308452,random,0.0,0.0,0.0,0.31859403850957424,0.0,26.901551513430306
0,1.2,UAV_1,215.1955016614117,407.6875705953291,140.06123650238874,nearest_mission,692.247942217312,208.39384831356753,100.0,-0.3957228815762118,-0.0773321971840512,14.860712441237125
0,1.3,UAV_0,679.3387842816484,602.8623741426715,142.05715808308452,random,0.0,0.0,0.0,0.16777985959544522,0.0,24.629784415816957
0,1.3,UAV_1,216.56262847043615,407.1164388550026,139.94642985689444,nearest_mission,692.247942217312,208.39384831356753,100.0,-0.3957228815762118,-0.07733219718405118,12.34268586417036
0,1.4,UAV_0,681.76717744741,603.2736762654217,142.05715808308452,random,0.0,0.0,0.0,5.318539257537416,0.0,14.40921073735657
0,1.4,UAV_1,217.69810678663387,406.6420807321481,139.85107626156324,nearest_mission,692.247942217312,208.39384831356753,100.0,-0.39572288157621177,-0.07733219718405117,25.89165943421152
0,1.5,UAV_0,682.5880814297166,602.0894591431977,142.05715808308452,random,0.0,0.0,0.0,3.033416806962947,0.0,12.488874440640195
0,1.5,UAV_1,220.08003712023066,405.64700404446745,139.65104987805864,nearest_mission,692.247942217312,208.39384831356753,100.0,-0.3957228815762119,-0.07733219718405117,13.770412446012855
0,1.6,UAV_0,681.3464941116858,602.2242952646417,142.05715808308452,random,0.0,0.0,0.0,1.3423749506076517,0.0,26.6017226242949
0,1.6,UAV_1,221.34686063900276,405.1177750686426,139.54466636069694,nearest_mission,692.247942217312,208.39384831356753,100.0,-0.39572288157621194,-0.07733219718405115,12.393909453035803
0,1.7,UAV_0,681.9488640166436,604.8153697451228,142.05715808308452,random,0.0,0.0,0.0,3.4540496977156954,0.0,14.211530197732928
0,1.7,UAV_1,222.48705132291968,404.64144830413846,139.44891703680082,nearest_mission,692.247942217312,208.39384831356753,100.0,-0.39572288157621194,-0.07733219718405113,26.01493180708362
0,1.8,UAV_0,680.596521586844,604.3785106623803,142.05715808308452,random,0.0,0.0,0.0,5.638651096784922,0.0,14.416585426326346
0,1.8,UAV_1,224.88032222759824,403.64163397247665,139.24793831082494,nearest_mission,692.247942217312,208.39384831356753,100.0,-0.39572288157621194,-0.07733219718405114,22.938514396706452
0,1.9,UAV_0,681.7489541777875,603.5123244948176,142.05715808308452,random,0.0,0.0,0.0,2.4514716752882495,0.0,17.005879347930644
0,1.9,UAV_1,226.9905748897728,402.7600535166473,139.0707264913431,nearest_mission,692.247942217312,208.39384831356753,100.0,-0.3957228815762119,-0.07733219718405115,13.606358030593757
0,2.0,UAV_0,680.4375134770172,604.5949706107423,142.05715808308452,random,0.0,0.0,0.0,1.7873501087231805,0.0,20.072730104197746
0,2.0,UAV_1,228.242306050736,402.2371295335445,138.9656103787029,nearest_mission,692.247942217312,208.39384831356753,100.0,-0.395722881576212,-0.0773321971840512,10.787574141693847
0,2.1,UAV_0,680.0062204034958,606.5553611899617,142.05715808308452,nearest_mission,50.38741940895966,733.6151752919599,100.0,2.942462743497487,-0.06538448920190987,26.766531303868327
0,2.1,UAV_1,229.23472023489884,401.8225379708715,138.88227082111936,nearest_mission,692.247942217312,208.39384831356753,100.0,-0.395722881576212,-0.07733219718405117,28.369641239906628
0,2.2,UAV_0,677.3880668977969,607.0837159614506,141.88227115832777,nearest_mission,50.38741940895966,733.6151752919599,100.0,2.942462743497487,-0.06538448920190985,13.388492121949353
0,2.2,UAV_1,231.84461510062937,400.73222667941394,138.66310075390294,nearest_mission,692.247942217312,208.39384831356753,100.0,-0.395722881576212,-0.07733219718405118,23.45281127146105
0,2.3,UAV_0,676.0784789206638,607.3479965144803,141.794793547286,nearest_mission,700.0698298689165,798.3773048688997,100.0,1.4458605539103995,-0.21376535268223198,29.330978060863664
0,2.3,UAV_1,234.00218104257127,399.83088059859966,138.4819157265946,nearest_mission,692.247942217312,208.39384831356753,100.0,-0.395722881576212,-0.07733219718405117,11.161018876529972
0,2.4,UAV_0,676.4356561529872,610.1919930779867,141.17256311445414,nearest_mission,700.0698298689165,798.3773048688997,100.0,1.4458605539103992,-0.21376535268223198,20.886389953029628
0,2.4,UAV_1,235.0289506663338,399.4019366862553,138.39569111639642,nearest_mission,692.247942217312,208.39384831356753,100.0,-0.395722881576212,-0.07733219718405118,12.696752136965156
0,2.5,UAV_0,676.6899996304251,612.21718368456,140.7294770559599,nearest_mission,700.0698298689165,798.3773048688997,100.0,1.4458605539103992,-0.21376535268223187,25.243333124090633
0,2.5,UAV_1,236.19700168021498,398.9139709730936,138.29760217703492,nearest_mission,692.247942217312,208.39384831356753,100.0,-0.395722881576212,-0.0773321971840512,19.636541657481423
0,2.6,UAV_0,676.9973996714729,614.6648331460743,140.1939623498588,nearest_mission,700.0698298689165,798.3773048688997,100.0,1.445860553910399,-0.21376535268223187,24.96971762395173
0,2.6,UAV_1,238.00348590111776,398.1592930089531,138.1458997949507,nearest_mission,692.247942217312,208.39384831356753,100.0,-0.395722881576212,-0.07733219718405121,26.578055419151912
0,2.7,UAV_0,677.3014677667923,617.0859522429856,139.6642521515626,nearest_mission,700.0698298689165,798.3773048688997,100.0,1.4458605539103988,-0.2137653526822318,11.614462137449415
0,2.7,UAV_1,240.44856195241343,397.1378365272362,137.9405706494942,nearest_mission,692.247942217312,208.39384831356753,100.0,-0.395722881576212,-0.0773321971840512,21.89153852944218
0,2.8,UAV_0,677.4429025812935,618.2121162030602,139.4178617383995,nearest_mission,700.0698298689165,798.3773048688997,100.0,1.4458605539103986,-0.21376535268223182,23.971653779506934
0,2.8,UAV_1,242.4624969728734,396.296493788913,137.7714472569777,nearest_mission,692.247942217312,208.39384831356753,100.0,-0.395722881576212,-0.0773321971840512,13.201595580490821
0,2.9,UAV_0,677.7348167797704,620.5364608201751,138.90932457076852,nearest_mission,700.0698298689165,798.3773048688997,100.0,1.4458605539103984,-0.21376535268223185,14.461956417173056
0,2.9,UAV_1,243.67699158821267,395.7891257681141,137.66945814240722,nearest_mission,692.247942217312,208.39384831356753,100.0,-0.39572288157621194,-0.07733219718405122,18.96270653287292
0,3.0,UAV_0,677.9109268827596,621.9387241291814,138.6025271164736,nearest_mission,700.0698298689165,798.3773048688997,100.0,1.4458605539103986,-0.21376535268223182,18.36453106584932
0,3.0,UAV_1,245.42148564092147,395.06034485493484,137.52296148316964,nearest_mission,692.247942217312,208.39384831356753,100.0,-0.395722881576212,-0.07733219718405122,23.243917779476348
0,3.1,UAV_0,678.1345604883423,623.7193897153512,138.21294003587417,nearest_mission,700.0698298689165,798.3773048688997,100.0,1.4458605539103988,-0.21376535268223174,10.935593719135966
0,3.1,UAV_1,247.55983420723268,394.1670270368362,137.34339026550703,nearest_mission,692.247942217312,208.39384831356753,100.0,-0.39572288157621205,-0.07733219718405121,18.907043794376598
0,3.2,UAV_0,678.2677284001082,624.779729090758,137.9809512082595,nearest_mission,700.0698298689165,798.3773048688997,100.0,1.445860553910399,-0.21376535268223187,15.184538468944455
0,3.2,UAV_1,249.2992075080016,393.44038537215084,137.197323629548,nearest_mission,692.247942217312,208.39384831356753,100.0,-0.395722881576212,-0.07733219718405121,13.153731442446217
0,3.3,UAV_0,678.4526377274819,626.2520555551022,137.65882482282916,nearest_mission,700.0698298689165,798.3773048688997,100.0,1.445860553910399,-0.2137653526822319,20.55146260335229
0,3.3,UAV_1,250.50929881181926,392.93485688149354,137.09570429005728,nearest_mission,692.247942217312,208.39384831356753,100.0,-0.395722881576212,-0.0773321971840512,19.74531202138064
0,3.4,UAV_0,678.7029026357177,628.2447708644137,137.22284394812132,nearest_mission,700.0698298689165,798.3773048688997,100.0,1.4458605539103992,-0.21376535268223182,10.997139932073035
0,3.4,UAV_1,252.32578947629614,392.1759986193037,136.9431616009785,nearest_mission,692.247942217312,208.39384831356753,100.0,-0.39572288157621194,-0.07733219718405117,26.454398464413927
0,3.5,UAV_0,678.8368200249115,629.3110778968731,136.9895494727156,nearest_mission,700.0698298689165,798.3773048688997,100.0,1.4458605539103992,-0.21376535268223185,29.483537645997842
0,3.5,UAV_1,254.75948957649842,391.1592945619434,136.73878776908597,nearest_mission,692.247942217312,208.39384831356753,100.0,-0.39572288157621194,-0.07733219718405118,18.302748231291964
0,3.6,UAV_0,679.1958550476663,632.1698669754792,136.3640826249066,nearest_mission,700.0698298689165,798.3773048688997,100.0,1.445860553910399,-0.21376535268223187,20.971241295251303
0,3.6,UAV_1,256.44327007388495,390.4558773811434,136.5973896271012,nearest_mission,692.247942217312,208.39384831356753,100.0,-0.395722881576212,-0.0773321971840512,29.26075542466175
0,3.7,UAV_0,679.4512318001457,634.2032849560319,135.91919652117394,nearest_mission,700.0698298689165,798.3773048688997,100.0,1.4458605539103992,-0.21376535268223185,29.57143501691029
0,3.7,UAV_1,259.13514392256786,389.33131849912235,136.37133524456618,nearest_mission,692.247942217312,208.39384831356753,100.0,-0.39572288157621194,-0.07733219718405118,26.748967874877803
0,3.8,UAV_0,679.8113371908782,637.0705967583023,135.29186500935563,nearest_mission,700.0698298689165,798.3773048688997,100.0,1.4458605539103992,-0.21376535268223196,22.98530849792307
0,3.8,UAV_1,261.5959432442749,388.3032934542448,136.1646857125002,nearest_mission,692.247942217312,208.39384831356753,100.0,-0.395722881576212,-0.07733219718405121,27.473076478006845
0,3.9,UAV_0,680.0912401950111,639.2993031534173,134.80425227357304,nearest_mission,700.0698298689165,798.3773048688997,100.0,1.4458605539103992,-0.2137653526822318,15.59965486653745
0,3.9,UAV_1,264.1233576954986,387.2474392317066,135.95244206911363,nearest_mission,692.247942217312,208.39384831356753,100.0,-0.39572288157621194,-0.07733219718405118,29.570303735467963
0,4.0,UAV_0,680.2812045916593,640.8118802226257,134.47331956551633,nearest_mission,700.0698298689165,798.3773048688997,100.0,1.4458605539103997,-0.2137653526822317,12.003613781274181
0,4.0,UAV_1,266.8437087653151,386.11098368819205,135.72399626669733,nearest_mission,692.247942217312,208.39384831356753,100.0,-0.39572288157621194,-0.07733219718405117,27.078762191946765
0,4.1,UAV_0,680.4273782903126,641.9757771875603,134.2186736487259,nearest_mission,700.0698298689165,798.3773048688997,100.0,1.4458605539103997,-0.21376535268223174,23.07133980406307
0,4.1,UAV_1,269.3348478607115,385.0702838807146,135.51479890394046,nearest_mission,692.247942217312,208.39384831356753,100.0,-0.39572288157621194,-0.07733219718405115,26.345464386162643
0,4.2,UAV_0,680.7083289384673,644.2128253685685,133.72923583582707,nearest_mission,700.0698298689165,798.3773048688997,100.0,1.4458605539103995,-0.2137653526822318,22.89881338880256
0,4.2,UAV_1,271.75852645626634,384.05776641332693,135.31126664382003,nearest_mission,692.247942217312,208.39384831356753,100.0,-0.3957228815762119,-0.07733219718405114,12.302186917046283
0,4.3,UAV_0,680.9871786506294,646.4331450064269,133.24345801632563,nearest_mission,700.0698298689165,798.3773048688997,100.0,1.4458605539103995,-0.21376535268223182,12.592818780751077
0,4.3,UAV_1,272.89027902939694,383.5849647591978,135.2162259236813,nearest_mission,692.247942217312,208.39384831356753,100.0,-0.3957228815762119,-0.07733219718405111,12.297928255508044
0,4.4,UAV_0,681.1405273780372,647.6541725924487,132.97631264312122,nearest_mission,700.0698298689165,798.3773048688997,100.0,1.4458605539103992,-0.21376535268223187,12.173028305083562
0,4.4,UAV_1,274.021639822498,383.1123267753359,135.1212181038929,nearest_mission,692.247942217312,208.39384831356753,100.0,-0.3957228815762118,-0.0773321971840511,21.216599778630965
0,4.5,UAV_0,681.2887641177048,648.8344963646491,132.71807274892373,nearest_mission,700.0698298689165,798.3773048688997,100.0,1.4458605539103988,-0.21376535268223198,19.623445939124323
0,4.5,UAV_1,275.97348314551533,382.29692350289554,134.95730896030295,nearest_mission,692.247942217312,208.39384831356753,100.0,-0.3957228815762118,-0.0773321971840511,16.741610890753318
0,4.6,UAV_0,681.5277281268368,650.7372291238232,132.30177891668205,nearest_mission,700.0698298689165,798.3773048688997,100.0,1.445860553910399,-0.213765352682232,25.95748722199044
0,4.6,UAV_1,277.51364517782093,381.6535044607929,134.82797140706396,nearest_mission,692.247942217312,208.39384831356753,100.0,-0.3957228815762119,-0.07733219718405111,26.246573231168327
0,4.7,UAV_0,681.8438247610774,653.2541245476108,131.7511140709394,nearest_mission,700.0698298689165,798.3773048688997,100.0,1.445860553910399,-0.21376535268223193,12.486496043069142
0,4.7,UAV_1,279.9282261779743,380.6447876104805,134.62520313196907,nearest_mission,692.247942217312,208.39384831356753,100.0,-0.3957228815762118,-0.07733219718405109,12.320161268054736
0,4.8,UAV_0,681.9958787460766,654.4648428456177,131.48622423939986,nearest_mission,700.0698298689165,798.3773048688997,100.0,1.4458605539103986,-0.21376535268223204,11.738435486828486
0,4.8,UAV_1,281.0616323203557,380.1712951602396,134.5300235507258,nearest_mission,692.247942217312,208.39384831356753,100.0,-0.3957228815762119,-0.0773321971840511,26.155451399783725
0,4.9,UAV_0,682.1388232428573,655.603027536091,131.23720384265135,nearest_mission,700.0698298689165,798.3773048688997,100.0,1.4458605539103986,-0.21376535268223215,14.402757285305716
0,4.9,UAV_1,283.4678304721722,379.1660803338272,134.3279592386363,nearest_mission,692.247942217312,208.39384831356753,100.0,-0.3957228815762118,-0.07733219718405109,29.982132652538496
0,5.0,UAV_0,682.3142124499378,656.9995507662209,130.9316622449245,nearest_mission,700.0698298689165,798.3773048688997,100.0,1.4458605539103984,-0.2137653526822322,21.704559739992042
0,5.0,UAV_1,286.22606817464407,378.0137972472488,134.09633184605914,nearest_mission,692.247942217312,208.39384831356753,100.0,-0.3957228815762119,-0.07733219718405106,13.331622247579846
0,5.1,UAV_0,682.5785191689515,659.1040729265412,130.47121944709428,nearest_mission,700.0698298689165,798.3773048688997,100.0,1.4458605539103981,-0.21376535268223212,13.838900232094582
0,5.1,UAV_1,287.45252472943736,377.5014319992337,133.99333820862125,nearest_mission,692.247942217312,208.39384831356753,100.0,-0.3957228815762118,-0.07733219718405107,12.300248006561091
0,5.2,UAV_0,682.7470420212425,660.4459233285672,130.1776395718012,nearest_mission,700.0698298689165,798.3773048688997,100.0,1.4458605539103977,-0.21376535268223226,12.378205731077115
0,5.2,UAV_1,288.58409893046667,377.0287048619438,133.89831246756307,nearest_mission,449.12394049154153,604.387813806946,100.0,0.9559835023423502,-0.12119676342691593,17.95907203204627
0,5.3,UAV_0,682.8977773037476,661.6461415581983,129.9150470222535,nearest_mission,700.0698298689165,798.3773048688997,100.0,1.4458605539103975,-0.21376535268223235,14.144639468341659
0,5.3,UAV_1,289.6123897168843,378.48498683321594,133.68118678681896,nearest_mission,449.12394049154153,604.387813806946,100.0,0.9559835023423501,-0.12119676342691593,10.84202855781324
0,5.4,UAV_0,683.0700232877388,663.0176371133934,129.61498116286165,nearest_mission,700.0698298689165,798.3773048688997,100.0,1.4458605539103977,-0.21376535268223237,28.9592270251264
0,5.4,UAV_1,290.2331766958653,379.36415534997377,133.55010635977564,nearest_mission,449.12394049154153,604.387813806946,100.0,0.9559835023423501,-0.12119676342691596,14.317887369307144
0,5.5,UAV_0,683.4226735313686,665.8255878735201,129.00063709533927,nearest_mission,700.0698298689165,798.3773048688997,100.0,1.445860553910398,-0.21376535268223232,10.194093188676284
0,5.5,UAV_1,291.05298250969315,380.5251775456318,133.37700270295355,nearest_mission,449.12394049154153,604.387813806946,100.0,0.9559835023423501,-0.12119676342691596,24.111874694014556
0,5.6,UAV_0,683.5468118394613,666.814029716015,128.7843785374434,nearest_mission,700.0698298689165,798.3773048688997,100.0,1.445860553910398,-0.2137653526822323,24.940777703971868
0,5.6,UAV_1,292.43356712714274,382.4803837137349,133.0854894667678,nearest_mission,449.12394049154153,604.387813806946,100.0,0.9559835023423501,-0.12119676342691596,16.365188780146596
0,5.7,UAV_0,683.8505275196482,669.2323427342201,128.25528227363307,nearest_mission,700.0698298689165,798.3773048688997,100.0,1.4458605539103984,-0.21376535268223232,16.43649772338096
0,5.7,UAV_1,293.37059621253104,383.807419394335,132.88763387890364,nearest_mission,449.12394049154153,604.387813806946,100.0,0.9559835023423501,-0.12119676342691603,20.502147696668935
0,5.8,UAV_0,684.0506825487013,670.8260619393682,127.90659669378513,nearest_mission,700.0698298689165,798.3773048688997,100.0,1.4458605539103981,-0.21376535268223232,27.48966518892078
0,5.8,UAV_1,294.5444970433,385.4699166553149,132.6397623425897,nearest_mission,449.12394049154153,604.387813806946,100.0,0.9559835023423501,-0.12119676342691599,22.051734296108272
0,5.9,UAV_0,684.3854372407986,673.4915207306503,127.32342806458323,nearest_mission,700.0698298689165,798.3773048688997,100.0,1.4458605539103981,-0.21376535268223235,13.118107295384007
0,5.9,UAV_1,295.80712326144516,387.2580682387264,132.37315626115702,nearest_mission,449.12394049154153,604.387813806946,100.0,0.9559835023423502,-0.12119676342691597,17.58010217293325
0,6.0,UAV_0,684.5451826556077,674.7634814538953,127.04513916595175,nearest_mission,700.0698298689165,798.3773048688997,100.0,1.4458605539103984,-0.21376535268223226,15.88764693113143
0,6.0,UAV_1,296.81371519762376,388.6836199488527,132.1606123365579,nearest_mission,449.12394049154153,604.387813806946,100.0,0.9559835023423502,-0.12119676342691597,24.127464116670993
0,6.1,UAV_0,684.7386540682288,676.3039828712222,126.70809696414982,nearest_mission,700.0698298689165,798.3773048688997,100.0,1.445860553910398,-0.21376535268223232,16.008965822351744
0,6.1,UAV_1,298.19519242576365,390.64009024659,131.86891062381832,nearest_mission,449.12394049154153,604.387813806946,100.0,0.9559835023423503,-0.12119676342691602,25.177974528663558
0,6.2,UAV_0,684.9336028385331,677.8562476368083,126.36848109071518,nearest_mission,700.0698298689165,798.3773048688997,100.0,1.4458605539103977,-0.21376535268223232,11.812937807823918
0,6.2,UAV_1,299.6368192081656,392.6817453117188,131.5645082109576,nearest_mission,449.12394049154153,604.387813806946,100.0,0.9559835023423504,-0.12119676342691599,25.88290315942615
0,6.3,UAV_0,685.077454585415,679.001656237253,126.11788019394571,nearest_mission,700.0698298689165,798.3773048688997,100.0,1.445860553910398,-0.21376535268223235,20.35996716586446
0,6.3,UAV_1,301.11880841100896,394.7805622866714,131.25158319132981,nearest_mission,449.12394049154153,604.387813806946,100.0,0.9559835023423503,-0.12119676342691595,22.002845703144754
0,6.4,UAV_0,685.3253875628769,680.9758037250274,125.68596172345454,nearest_mission,700.0698298689165,798.3773048688997,100.0,1.4458605539103977,-0.21376535268223223,11.527162156546918
0,6.4,UAV_1,302.37863539266704,396.56474954629124,130.98556817434684,nearest_mission,449.12394049154153,604.387813806946,100.0,0.9559835023423503,-0.12119676342691595,18.5273335733683
0,6.5,UAV_0,685.4657592841021,682.0935028856954,125.44142330120664,nearest_mission,700.0698298689165,798.3773048688997,100.0,1.445860553910398,-0.2137653526822322,25.092365325406913
0,6.5,UAV_1,303.4394633895917,398.0671112390611,130.76157219575103,nearest_mission,449.12394049154153,604.387813806946,100.0,0.9559835023423503,-0.12119676342691599,15.793282767447277
0,6.6,UAV_0,685.7713209186572,684.5265141752482,124.90911124175862,nearest_mission,700.0698298689165,798.3773048688997,100.0,1.4458605539103977,-0.21376535268223226,23.139691037722685
0,6.6,UAV_1,304.34374659131146,399.3477716718716,130.57063096749894,nearest_mission,449.12394049154153,604.387813806946,100.0,0.9559835023423503,-0.12119676342691592,10.004813930503339
0,6.7,UAV_0,686.0531039122051,686.7701898431827,124.41822341864817,nearest_mission,700.0698298689165,798.3773048688997,100.0,1.445860553910398,-0.21376535268223212,13.639378443724222
0,6.7,UAV_1,304.9165967901526,400.1590513486236,130.449672488603,nearest_mission,449.12394049154153,604.387813806946,100.0,0.9559835023423503,-0.1211967634269159,20.137155737022553
0,6.8,UAV_0,686.2191970930405,688.0926941709218,124.12887621941788,nearest_mission,700.0698298689165,798.3773048688997,100.0,1.4458605539103984,-0.21376535268223204,11.245175177424462
0,6.8,UAV_1,306.0695991096538,401.7919518013974,130.20621371524047,nearest_mission,449.12394049154153,604.387813806946,100.0,0.9559835023423504,-0.12119676342691593,22.819697251249004
0,6.9,UAV_0,686.3561349250668,689.1830512498525,123.89031989840467,nearest_mission,700.0698298689165,798.3773048688997,100.0,1.4458605539103986,-0.2137653526822321,12.546416258655741
0,6.9,UAV_1,307.3761969333291,403.6423766806775,129.93032294030448,nearest_mission,449.12394049154153,604.387813806946,100.0,0.9559835023423503,-0.12119676342691589,15.741766799904504
0,7.0,UAV_0,686.5089185869531,690.3995795446095,123.62415891315172,nearest_mission,700.0698298689165,798.3773048688997,100.0,1.4458605539103981,-0.21376535268223204,26.59881373256812
0,7.0,UAV_1,308.27753046177605,404.9188597386977,129.7400045415339,nearest_mission,449.12394049154153,604.387813806946,100.0,0.9559835023423503,-0.12119676342691585,11.110540917793228
0,7.1,UAV_0,686.8328249583114,692.9786594065833,123.05988889981339,nearest_mission,700.0698298689165,798.3773048688997,100.0,1.4458605539103977,-0.21376535268223196,10.718676668603779
0,7.1,UAV_1,308.91369177553975,405.8198016359623,129.60567779258457,nearest_mission,449.12394049154153,604.387813806946,100.0,0.9559835023423503,-0.12119676342691582,18.35732089592589
0,7.2,UAV_0,686.9633513682634,694.0179660245758,122.83250177317034,nearest_mission,700.0698298689165,798.3773048688997,100.0,1.445860553910398,-0.21376535268223204,19.17764664397134
0,7.2,UAV_1,309.9647852789741,407.3083771822873,129.3837372719912,nearest_mission,449.12394049154153,604.387813806946,100.0,0.9559835023423504,-0.12119676342691586,12.029610197378576
0,7.3,UAV_0,687.1968866679236,695.8774730972148,122.4256651737493,nearest_mission,700.0698298689165,798.3773048688997,100.0,1.4458605539103981,-0.21376535268223198,24.001593820623125
0,7.3,UAV_1,310.65357016207315,408.2838454258922,129.23829894987014,nearest_mission,449.12394049154153,604.387813806946,100.0,0.9559835023423504,-0.12119676342691589,22.97984515825927
0,7.4,UAV_0,687.4891654604827,698.2047207669953,121.9164928549582,nearest_mission,700.0698298689165,798.3773048688997,100.0,1.4458605539103986,-0.21376535268223187,13.899472412975737
0,7.4,UAV_1,311.9693376475745,410.1472565279181,128.9604719822808,nearest_mission,449.12394049154153,604.387813806946,100.0,0.9559835023423505,-0.12119676342691585,25.668339397969824
0,7.5,UAV_0,687.6584259289513,699.5524443817696,121.62162799509181,nearest_mission,700.0698298689165,798.3773048688997,100.0,1.4458605539103984,-0.2137653526822319,23.009443599629968
0,7.5,UAV_1,313.43904147517065,412.2286747566025,128.65014104450125,nearest_mission,449.12394049154153,604.387813806946,100.0,0.9559835023423504,-0.12119676342691584,29.389708441872838
0,7.6,UAV_0,687.9386228376655,701.7834909697748,121.1335032547402,nearest_mission,700.0698298689165,798.3773048688997,100.0,1.4458605539103986,-0.2137653526822321,24.272337797587728
0,7.6,UAV_1,315.12182142907653,414.6118548267348,128.29481865139954,nearest_mission,449.12394049154153,604.387813806946,100.0,0.9559835023423504,-0.12119676342691588,15.927727786983025
0,7.7,UAV_0,688.2341986080532,704.1369905749145,120.61858734493677,nearest_mission,700.0698298689165,798.3773048688997,100.0,1.4458605539103988,-0.21376535268223198,26.982631106243893
0,7.7,UAV_1,316.03380261065973,415.90341726259584,128.1022519791191,nearest_mission,449.12394049154153,604.387813806946,100.0,0.9559835023423504,-0.12119676342691588,29.1693815457498
0,7.8,UAV_0,688.5627789056259,706.7532862191061,120.04617498973533,nearest_mission,700.0698298689165,798.3773048688997,100.0,1.4458605539103995,-0.21376535268223187,17.752913802764
0,7.8,UAV_1,317.7039672068857,418.26873126002477,127.74959334432413,nearest_mission,449.12394049154153,604.387813806946,100.0,0.9559835023423503,-0.12119676342691585,15.87607069565168
0,7.9,UAV_0,688.7789645576895,708.4746480414947,119.66956282165152,nearest_mission,700.0698298689165,798.3773048688997,100.0,1.4458605539104,-0.2137653526822319,24.915682058414028
0,7.9,UAV_1,318.61299063480686,419.5561048775181,127.55765120771572,nearest_mission,449.12394049154153,604.387813806946,100.0,0.9559835023423503,-0.12119676342691584,29.150937301070456
0,8.0,UAV_0,689.0823746362969,710.8905277303516,119.14099893948784,nearest_mission,700.0698298689165,798.3773048688997,100.0,1.4458605539104004,-0.21376535268223187,13.809551217477058
0,8.0,UAV_1,320.2820991604947,421.91992325084396,127.2052155643523,nearest_mission,449.12394049154153,604.387813806946,100.0,0.9559835023423503,-0.12119676342691585,17.131076274746466
0,8.1,UAV_0,689.2505400917158,712.2295323869496,118.84804167725697,nearest_mission,700.0698298689165,798.3773048688997,100.0,1.4458605539104004,-0.21376535268223198,22.640268217822843
0,8.1,UAV_1,321.2629810158214,423.30906393043387,126.99810037536055,nearest_mission,449.12394049154153,604.387813806946,100.0,0.9559835023423503,-0.12119676342691588,29.12995070884241
0,8.2,UAV_0,689.5262413766959,714.4247829126818,118.36774866202329,nearest_mission,700.0698298689165,798.3773048688997,100.0,1.4458605539103997,-0.21376535268223204,26.387884301645464
0,8.2,UAV_1,322.93088790261675,425.671180523409,126.64591846048131,nearest_mission,449.12394049154153,604.387813806946,100.0,0.9559835023423503,-0.12119676342691585,27.775441352639756
0,8.3,UAV_0,689.8475791603245,716.9834105900936,117.80795332766864,nearest_mission,700.0698298689165,798.3773048688997,100.0,1.4458605539104001,-0.21376535268223196,22.09696475161062
0,8.3,UAV_1,324.52123902881294,427.92346139926934,126.31011260142027,nearest_mission,449.12394049154153,604.387813806946,100.0,0.9559835023423502,-0.12119676342691585,27.183512172384177
0,8.4,UAV_0,690.116664381293,719.1259812090174,117.33918600892686,nearest_mission,700.0698298689165,798.3773048688997,100.0,1.4458605539104008,-0.21376535268223196,13.739834048457155
0,8.4,UAV_1,326.07769779569446,430.12774337006715,125.98146318262441,nearest_mission,449.12394049154153,604.387813806946,100.0,0.9559835023423503,-0.12119676342691586,12.24782071660368
0,8.5,UAV_0,690.283980857676,720.4582259345725,117.04770773400303,nearest_mission,700.0698298689165,798.3773048688997,100.0,1.4458605539104004,-0.21376535268223187,16.888992146772217
0,8.5,UAV_1,326.77897685811513,431.12090607163304,125.8333866892522,nearest_mission,449.12394049154153,604.387813806946,100.0,0.9559835023423502,-0.12119676342691589,29.183430412146276
0,8.6,UAV_0,690.4896461259532,722.0958200007109,116.68942289018455,nearest_mission,700.0698298689165,798.3773048688997,100.0,1.4458605539104006,-0.2137653526822318,28.742536884309395
0,8.6,UAV_1,328.44994585669826,433.4873592766342,125.48055820327144,nearest_mission,449.12394049154153,604.387813806946,100.0,0.9559835023423501,-0.12119676342691585,29.16295789974995
0,8.7,UAV_0,690.8396576309563,724.8827600050915,116.0796757099474,nearest_mission,700.0698298689165,798.3773048688997,100.0,1.445860553910401,-0.21376535268223185,22.71831413015487
0,8.7,UAV_1,330.1197426512926,435.8521523874693,125.12797723053541,nearest_mission,449.12394049154153,604.387813806946,100.0,0.9559835023423502,-0.12119676342691586,13.68091100350311
0,8.8,UAV_0,691.1163093180302,727.0855780352557,115.59772702057593,nearest_mission,700.0698298689165,798.3773048688997,100.0,1.4458605539104015,-0.21376535268223196,28.913567829912303
0,8.8,UAV_1,330.9030768185368,436.9615228498979,124.96257463570562,nearest_mission,449.12394049154153,604.387813806946,100.0,0.9559835023423501,-0.12119676342691584,26.087805960002157
0,8.9,UAV_0,691.4684035479825,729.8891015787375,114.98435157199091,nearest_mission,700.0698298689165,798.3773048688997,100.0,1.4458605539104021,-0.2137653526822319,16.317828373362488
0,8.9,UAV_1,332.3967982345796,439.0769551741185,124.64717233551558,nearest_mission,449.12394049154153,604.387813806946,100.0,0.9559835023423502,-0.12119676342691584,14.856773799159704
0,9.0,UAV_0,691.6671134840724,731.4713143410065,114.63818345613183,nearest_mission,700.0698298689165,798.3773048688997,100.0,1.4458605539104028,-0.21376535268223198,24.81757639741844
0,9.0,UAV_1,333.24745931474604,440.281675094857,124.46755352675709,nearest_mission,449.12394049154153,604.387813806946,100.0,0.9559835023423502,-0.12119676342691582,12.84566947684832
0,9.1,UAV_0,691.9693288835116,733.8776814877943,114.11170079770974,nearest_mission,700.0698298689165,798.3773048688997,100.0,1.4458605539104024,-0.21376535268223218,18.443774923388375
0,9.1,UAV_1,333.9829696765754,441.3233167139047,124.31224902523286,nearest_mission,449.12394049154153,604.387813806946,100.0,0.9559835023423502,-0.12119676342691585,22.73932074823441
0,9.2,UAV_0,692.1939274791351,735.6660307338153,113.72043262963777,nearest_mission,700.0698298689165,798.3773048688997,100.0,1.4458605539104032,-0.2137653526822323,18.3445095959241
0,9.2,UAV_1,335.2849653461223,443.1672239483953,124.03733000445554,nearest_mission,449.12394049154153,604.387813806946,100.0,0.9559835023423502,-0.12119676342691582,24.56361009199356
0,9.3,UAV_0,692.4173172737819,737.4447549939391,113.33127028659301,nearest_mission,700.0698298689165,798.3773048688997,100.0,1.445860553910404,-0.2137653526822321,12.243174844709275
0,9.3,UAV_1,336.6914151834904,445.1590608574793,123.74035527473451,nearest_mission,449.12394049154153,604.387813806946,100.0,0.9559835023423503,-0.12119676342691578,22.110917223721785
0,9.4,UAV_0,692.566408221135,738.6318803299067,113.07154229637558,nearest_mission,700.0698298689165,798.3773048688997,100.0,1.4458605539104048,-0.21376535268223212,13.077576726027898
0,9.4,UAV_1,337.9574300655414,446.9520115212852,123.47303367005968,nearest_mission,449.12394049154153,604.387813806946,100.0,0.9559835023423504,-0.12119676342691577,24.05196181627577
0,9.5,UAV_0,692.7256600759763,739.8999111194235,112.79411321747672,nearest_mission,700.0698298689165,798.3773048688997,100.0,1.4458605539104048,-0.21376535268223215,16.80775805370579
0,9.5,UAV_1,339.3345842239976,448.9023594181179,123.18224478223341,nearest_mission,449.12394049154153,604.387813806946,100.0,0.9559835023423505,-0.12119676342691578,20.466972908760233
0,9.6,UAV_0,692.9303361181707,741.5296285480682,112.43755168219519,nearest_mission,700.0698298689165,798.3773048688997,100.0,1.445860553910406,-0.21376535268223232,17.107348958020708
0,9.6,UAV_1,340.5064710358765,450.562004393112,122.93479851008436,nearest_mission,449.12394049154153,604.387813806946,100.0,0.9559835023423505,-0.1211967634269158,22.630338465765643
0,9.7,UAV_0,693.1386604209109,743.1883949740072,112.07463459417083,nearest_mission,700.0698298689165,798.3773048688997,100.0,1.4458605539104068,-0.21376535268223204,11.729987931741473
0,9.7,UAV_1,341.802226657121,452.39707437070734,122.66119708813554,nearest_mission,449.12394049154153,604.387813806946,100.0,0.9559835023423504,-0.12119676342691581,25.100701481646283
0,9.8,UAV_0,693.2815020478064,744.3257605708387,111.82579340473846,nearest_mission,700.0698298689165,798.3773048688997,100.0,1.4458605539104075,-0.21376535268223223,15.894566476619714
0,9.8,UAV_1,343.2394289813915,454.4324634469791,122.3577289085641,nearest_mission,449.12394049154153,604.387813806946,100.0,0.9559835023423505,-0.12119676342691584,26.603475317208723
0,9.9,UAV_0,693.4750577230151,745.8669329226141,111.48860441097564,nearest_mission,700.0698298689165,798.3773048688997,100.0,1.4458605539104081,-0.21376535268223235,18.981767538001463
0,9.9,UAV_1,344.76267631324475,456.58971084865453,122.03609215149217,nearest_mission,449.12394049154153,604.387813806946,100.0,0.9559835023423505,-0.12119676342691578,19.24021691199789
0,10.0,UAV_0,693.7062077098911,747.7074471235157,111.08592321137242,nearest_mission,700.0698298689165,798.3773048688997,100.0,1.4458605539104077,-0.21376535268223257,23.563574924719273
0,10.0,UAV_1,345.8643221969508,458.14987949001363,121.80347739348977,nearest_mission,449.12394049154153,604.387813806946,100.0,0.9559835023423503,-0.1211967634269158,25.201796734469845
0,10.1,UAV_0,693.9931525385905,749.9922235114959,110.58604307119947,nearest_mission,700.0698298689165,798.3773048688997,100.0,1.4458605539104081,-0.21376535268223226,14.647254428824903
0,10.1,UAV_1,347.30731297826645,460.19346627236985,121.49878696949779,nearest_mission,449.12394049154153,604.387813806946,100.0,0.9559835023423504,-0.12119676342691581,25.239900261954233
0,10.2,UAV_0,694.1715191033593,751.412453725911,110.27531468552702,nearest_mission,700.0698298689165,798.3773048688997,100.0,1.4458605539104077,-0.21376535268223235,12.04063456454142
0,10.2,UAV_1,348.75248547065115,462.2401428290762,121.19363587279793,nearest_mission,449.12394049154153,604.387813806946,100.0,0.9559835023423505,-0.12119676342691577,15.052161716494265
0,10.3,UAV_0,694.3181436216504,752.579940307945,110.01988340597275,nearest_mission,700.0698298689165,798.3773048688997,100.0,1.4458605539104072,-0.2137653526822325,15.667930077209773
0,10.3,UAV_1,349.6143339660033,463.46070654736235,121.0116548186804,nearest_mission,449.12394049154153,604.387813806946,100.0,0.9559835023423506,-0.1211967634269158,25.10445709117463
0,10.4,UAV_0,694.5089394379237,754.0991374927228,109.68750230046403,nearest_mission,700.0698298689165,798.3773048688997,100.0,1.445860553910408,-0.2137653526822324,20.396682044032293
0,10.4,UAV_1,351.05175132692307,465.4964001619999,120.70814123368523,nearest_mission,449.12394049154153,604.387813806946,100.0,0.9559835023423505,-0.12119676342691578,21.479636061647533
0,10.5,UAV_0,694.7573195098719,756.076844936361,109.25480495671175,nearest_mission,700.0698298689165,798.3773048688997,100.0,1.4458605539104068,-0.2137653526822321,22.54279378209685
0,10.5,UAV_1,352.28162065527056,467.23816091056455,120.44845183583108,nearest_mission,449.12394049154153,604.387813806946,100.0,0.9559835023423505,-0.12119676342691577,20.627516076759456
0,10.6,UAV_0,695.0318338024134,758.2626441250236,108.77657977434085,nearest_mission,700.0698298689165,798.3773048688997,100.0,1.4458605539104075,-0.21376535268223187,18.21609004671199
0,10.6,UAV_1,353.4626997606143,468.9108241595959,120.19906459231233,nearest_mission,449.12394049154153,604.387813806946,100.0,0.9559835023423504,-0.12119676342691572,22.69188024752932
0,10.7,UAV_0,695.2536597712965,760.0289165413702,108.39014173702925,nearest_mission,700.0698298689165,798.3773048688997,100.0,1.445860553910407,-0.21376535268223187,18.06825753173635
0,10.7,UAV_1,354.7619791077538,470.7508844945495,119.92471912850901,nearest_mission,449.12394049154153,604.387813806946,100.0,0.9559835023423505,-0.12119676342691578,25.571005181080956
0,10.8,UAV_0,695.4736855135238,761.7808547898043,108.00683983413462,nearest_mission,700.0698298689165,798.3773048688997,100.0,1.4458605539104084,-0.21376535268223204,25.763548505099802
0,10.8,UAV_1,356.22610982565635,472.8244099955367,119.61556496412086,nearest_mission,449.12394049154153,604.387813806946,100.0,0.9559835023423504,-0.12119676342691574,15.845083362216442
0,10.9,UAV_0,695.7874204640184,764.2789454862751,107.46028922459314,nearest_mission,700.0698298689165,798.3773048688997,100.0,1.445860553910407,-0.21376535268223185,17.43608647111549
0,10.9,UAV_1,357.13335899768,474.1092708832554,119.4239974652362,nearest_mission,449.12394049154153,604.387813806946,100.0,0.9559835023423504,-0.1211967634269157,22.576218118937724
0,11.0,UAV_0,695.9997479593846,765.9695870292184,107.09039826462232,nearest_mission,700.0698298689165,798.3773048688997,100.0,1.4458605539104066,-0.2137653526822319,19.854395039685738
0,11.0,UAV_1,358.426015825518,475.9399522997256,119.15105035978692,nearest_mission,449.12394049154153,604.387813806946,100.0,0.9559835023423504,-0.12119676342691574,29.16845113936396
0,11.1,UAV_0,696.2415243452596,767.8947131244407,106.66920505403374,nearest_mission,700.0698298689165,798.3773048688997,100.0,1.4458605539104066,-0.21376535268223143,18.879635080722743
0,11.1,UAV_1,360.0961271490408,478.30519085149433,118.79840297363106,nearest_mission,449.12394049154153,604.387813806946,100.0,0.9559835023423504,-0.12119676342691578,12.856228611649525
0,11.2,UAV_0,696.4714306167592,769.7253243361914,106.26869050304916,nearest_mission,700.0698298689165,798.3773048688997,100.0,1.4458605539104081,-0.2137653526822317,26.924496669594646
0,11.2,UAV_1,360.83224210007216,479.3476886995062,118.64297081187317,nearest_mission,449.12394049154153,604.387813806946,100.0,0.9559835023423504,-0.12119676342691577,29.57813204325092
0,11.3,UAV_0,696.799302983722,772.3359831367119,105.69751141786018,nearest_mission,700.0698298689165,798.3773048688997,100.0,1.4458605539104075,-0.2137653526822314,23.737912456260588
0,11.3,UAV_1,362.52581071014555,481.7461478382429,118.28537037218616,nearest_mission,449.12394049154153,604.387813806946,100.0,0.9559835023423506,-0.12119676342691582,11.627458138212042
0,11.4,UAV_0,697.0883708032359,774.6376636776857,105.19393286307984,nearest_mission,700.0698298689165,798.3773048688997,100.0,1.4458605539104061,-0.21376535268223124,28.986185303621568
0,11.4,UAV_1,363.19156938919343,482.68900600085755,118.144794079654,nearest_mission,449.12394049154153,604.387813806946,100.0,0.9559835023423509,-0.12119676342691581,28.492380927355224
0,11.5,UAV_0,697.4413493306099,777.4482283721735,104.5790168998211,nearest_mission,700.0698298689165,798.3773048688997,100.0,1.4458605539104068,-0.2137653526822308,17.902309150460876
0,11.5,UAV_1,364.82297065193245,484.9994227411593,117.8003204011792,nearest_mission,449.12394049154153,604.387813806946,100.0,0.9559835023423506,-0.12119676342691584,17.22556636351017
0,11.6,UAV_0,697.6593542406846,779.1840758981949,104.1992354432237,nearest_mission,700.0698298689165,798.3773048688997,100.0,1.4458605539104068,-0.21376535268222993,12.813595794381786
0,11.6,UAV_1,365.8092627694103,486.3962255211342,117.59206282438424,nearest_mission,449.12394049154153,604.387813806946,100.0,0.9559835023423506,-0.12119676342691588,21.457006676185742
0,11.7,UAV_0,697.8153914745079,780.426510512198,103.92740648338724,nearest_mission,700.0698298689165,798.3773048688997,100.0,1.4458605539104081,-0.21376535268223,27.94401953927751
0,11.7,UAV_1,367.0378363967031,488.1361512769994,117.3326470164302,nearest_mission,449.12394049154153,604.387813806946,100.0,0.9559835023423505,-0.12119676342691584,18.705405465963377
0,11.8,UAV_0,698.1556790550421,783.1360245071064,103.33459913352984,nearest_mission,700.0698298689165,798.3773048688997,100.0,1.445860553910409,-0.21376535268223054,18.945837904994498
0,11.8,UAV_1,368.10886033727945,489.65295262936377,117.10649814369641,nearest_mission,449.12394049154153,604.387813806946,100.0,0.9559835023423506,-0.12119676342691584,24.17655514888476
0,11.9,UAV_0,698.3863915097347,784.9730548912534,102.93268014891484,nearest_mission,700.0698298689165,798.3773048688997,100.0,1.4458605539104117,-0.21376535268223038,18.5458041439721
0,11.9,UAV_1,369.49314839306294,491.6134036664754,116.81420291901095,nearest_mission,449.12394049154153,604.387813806946,100.0,0.9559835023423506,-0.1211967634269159,19.839170484175742
0,12.0,UAV_0,698.6122325635724,786.7712971163668,102.53924752229827,nearest_mission,700.0698298689165,798.3773048688997,100.0,1.4458605539104084,-0.2137653526822306,14.68058521049854
0,12.0,UAV_1,370.62908883489894,493.22214081333607,116.57434679564952,nearest_mission,449.12394049154153,604.387813806946,100.0,0.9559835023423505,-0.1211967634269159,11.693141292185986
0,12.1,UAV_0,698.7910050130794,788.194759157158,102.22781205394129,nearest_mission,700.0698298689165,798.3773048688997,100.0,1.4458605539104077,-0.21376535268223112,27.37687044026235
0,12.1,UAV_1,371.29860836428105,494.1703251527586,116.43297639195757,nearest_mission,449.12394049154153,604.387813806946,100.0,0.9559835023423507,-0.12119676342691586,25.02984229988217
0,12.2,UAV_0,699.1243861500207,790.8492811199137,101.64703626432126,nearest_mission,700.0698298689165,798.3773048688997,100.0,1.4458605539104021,-0.2137653526822322,25.42861176691315
0,12.2,UAV_1,372.731753472031,496.19996833365684,116.13036490186596,nearest_mission,449.12394049154153,604.387813806946,100.0,0.9559835023423509,-0.12119676342691585,27.659033887545924
0,12.3,UAV_0,699.4340424169849,793.3148956087921,101.10759103773498,nearest_mission,700.0698298689165,798.3773048688997,100.0,1.4458605539104132,-0.21376535268223096,14.401009995950083
0,12.3,UAV_1,374.31543940285337,498.4428098524927,115.79596641229801,nearest_mission,449.12394049154153,604.387813806946,100.0,0.9559835023423507,-0.12119676342691582,26.809180210693572
0,12.4,UAV_0,699.6094103464942,794.7112494178781,100.80208650718704,nearest_mission,700.0698298689165,798.3773048688997,100.0,1.4458605539104188,-0.21376535268223387,14.023700909475675
0,12.4,UAV_1,375.85046487370596,500.61673764429355,115.47184267733823,nearest_mission,449.12394049154153,604.387813806946,100.0,0.9559835023423509,-0.1211967634269159,15.932825025538257
0,12.5,UAV_0,699.7801836042896,796.0710185026809,100.50458625101759,nearest_mission,700.0698298689165,798.3773048688997,100.0,1.4458605539104332,-0.21376535268223681,18.83567266375355
0,12.5,UAV_1,376.76273791020424,501.9087134097853,115.27921437930179,nearest_mission,449.12394049154153,604.387813806946,100.0,0.9559835023423509,-0.12119676342691596,22.09339804382286
0,12.6,UAV_0,700.0095545245852,797.8973670211616,100.10500432333939,nearest_mission,700.0698298689165,798.3773048688997,100.0,1.4458605539103602,-0.21376535268225555,11.97801532932761
0,12.6,UAV_1,378.0277496885735,503.7002434620033,115.01210458199957,nearest_mission,449.12394049154153,604.387813806946,100.0,0.9559835023423507,-0.12119676342691597,24.65770012358721
0,12.7,UAV_0,700.1554164987472,799.0587819035275,99.85090145478283,nearest_mission,700.0698298689165,798.3773048688997,100.0,-1.6957320996794938,0.21376535268225572,18.5653924732053
0,12.7,UAV_1,379.43958688183665,505.69971003126363,114.71399230117765,nearest_mission,449.12394049154153,604.387813806946,100.0,0.9559835023423506,-0.121196763426916,10.99540712264089
0,12.8,UAV_0,699.9293369085328,797.2586403506484,100.24474963026222,nearest_mission,700.0698298689165,798.3773048688997,100.0,1.4458605539102658,-0.21376535268224714,17.693891919433618
0,12.8,UAV_1,380.0691559273278,506.59131585203914,114.5810575230164,nearest_mission,449.12394049154153,604.387813806946,100.0,0.9559835023423505,-0.12119676342691603,15.449696349836037
0,12.9,UAV_0,700.1448038231276,798.974279280571,99.86938955857745,nearest_mission,700.0698298689165,798.3773048688997,100.0,-1.6957320996795662,0.21376535268225413,29.422988703442122
0,12.9,UAV_1,380.95376624467264,507.8441152291867,114.3942702641167,nearest_mission,449.12394049154153,604.387813806946,100.0,0.9559835023423504,-0.12119676342691606,21.293339037731982
0,13.0,UAV_0,699.7865061335658,796.1213611614739,100.49357191479352,nearest_mission,700.0698298689165,798.3773048688997,100.0,1.4458605539102256,-0.2137653526822559,14.591253947449044
0,13.0,UAV_1,382.1729686792693,509.57076935104226,114.13683320246713,nearest_mission,449.12394049154153,604.387813806946,100.0,0.9559835023423503,-0.12119676342691607,24.330985203904497
0,13.1,UAV_0,699.9641907539107,797.536161445245,100.1840315291834,nearest_mission,700.0698298689165,798.3773048688997,100.0,1.445860553910262,-0.21376535268226857,20.93275005528457
0,13.1,UAV_1,383.5660990072169,511.54374295638826,113.84267091411803,nearest_mission,449.12394049154153,604.387813806946,100.0,0.9559835023423504,-0.12119676342691604,15.643341872328218
0,13.2,UAV_0,700.2190987803037,799.5658472299616,99.73996198263656,nearest_mission,700.0698298689165,798.3773048688997,100.0,-1.6957320996794962,0.213765352682262,24.7973915683925
0,13.2,UAV_1,384.46179697465044,512.8122448421465,113.65354247546144,nearest_mission,449.12394049154153,604.387813806946,100.0,0.9559835023423501,-0.12119676342691608,28.031374847909227
0,13.3,UAV_0,699.9171291811015,797.1614372488799,100.26601643798702,nearest_mission,700.0698298689165,798.3773048688997,100.0,1.4458605539102565,-0.2137653526822619,11.295743661843732
0,13.3,UAV_1,386.0668022018298,515.085279091808,113.31464237331888,nearest_mission,449.12394049154153,604.387813806946,100.0,0.95598350234235,-0.12119676342691602,16.15036899963703
0,13.4,UAV_0,700.0546828095487,798.2566975600046,100.02638735186234,nearest_mission,700.0698298689165,798.3773048688997,100.0,1.445860553910211,-0.21376535268224903,16.546187435627456
0,13.4,UAV_1,386.9915312529711,516.3948952658284,113.11938396258041,nearest_mission,449.12394049154153,604.387813806946,100.0,0.95598350234235,-0.1211967634269161,17.46393838949676
0,13.5,UAV_0,700.2561735822569,799.8610525224749,99.67537480299934,nearest_mission,700.0698298689165,798.3773048688997,100.0,-1.695732099679555,0.21376535268225652,25.628877418506306
0,13.5,UAV_1,387.99147194636777,517.8110273788155,112.90824446135638,nearest_mission,449.12394049154153,604.387813806946,100.0,0.9559835023423503,-0.12119676342691611,25.496043487897126
0,13.6,UAV_0,699.9440785854615,797.376019832685,100.21906848604061,nearest_mission,700.0698298689165,798.3773048688997,100.0,1.445860553910287,-0.21376535268225366,21.389960760959077
0,13.6,UAV_1,389.4513105483805,519.8784743161596,112.59999658592533,nearest_mission,449.12394049154153,604.387813806946,100.0,0.9559835023423501,-0.12119676342691608,23.913974757389255
0,13.7,UAV_0,700.204554283485,799.4500377795625,99.76529962381818,nearest_mission,700.0698298689165,798.3773048688997,100.0,-1.695732099679498,0.21376535268224733,14.269158726232627
0,13.7,UAV_1,390.820563918809,521.8176329897536,112.31087596548176,nearest_mission,449.12394049154153,604.387813806946,100.0,0.9559835023423497,-0.12119676342691613,24.651211817879766
0,13.8,UAV_0,700.0307919694275,798.0664685614709,100.06800704775566,nearest_mission,700.0698298689165,798.3773048688997,100.0,1.4458605539102134,-0.21376535268220634,22.32033548264709
0,13.8,UAV_1,392.23202960819003,523.8165734292335,112.01284212845644,nearest_mission,449.12394049154153,604.387813806946,100.0,0.9559835023423495,-0.1211967634269161,10.520289171701007
0,13.9,UAV_0,700.302597281739,800.2306977009573,99.59450111898987,nearest_mission,700.0698298689165,798.3773048688997,100.0,-1.6957320996795977,0.21376535268220076,21.922512256892638
0,13.9,UAV_1,392.83439460825275,524.6696524427805,111.88565153954657,nearest_mission,449.12394049154153,604.387813806946,100.0,0.9559835023423495,-0.12119676342691607,19.783982702434493
0,14.0,UAV_0,700.0356364515458,798.1050423821114,100.05956758428333,nearest_mission,700.0698298689165,798.3773048688997,100.0,1.4458605539100486,-0.2137653526821887,16.17398500630788
0,14.0,UAV_1,393.967175138074,526.2739144713588,111.6464626380025,nearest_mission,449.12394049154153,604.387813806946,100.0,0.9559835023423495,-0.12119676342691613,29.172603818785188
0,14.1,UAV_0,700.2325947387268,799.673307773081,99.71645097664053,nearest_mission,700.0698298689165,798.3773048688997,100.0,-1.6957320996797602,0.21376535268219257,21.110449083561214
0,14.1,UAV_1,395.6375242334583,528.6394897594669,111.29376504583685,nearest_mission,449.12394049154153,604.387813806946,100.0,0.9559835023423493,-0.1211967634269162,13.260744759566974
0,14.2,UAV_0,699.9755227869784,797.626391897206,100.16429024893755,nearest_mission,700.0698298689165,798.3773048688997,100.0,1.4458605539100766,-0.2137653526821914,13.821332577123686
0,14.2,UAV_1,396.3968007502498,529.714789389901,111.13344227259125,nearest_mission,449.12394049154153,604.387813806946,100.0,0.9559835023423497,-0.12119676342691618,16.328413007463325
0,14.3,UAV_0,700.1438317096024,798.966538900516,99.87108305571236,nearest_mission,700.0698298689165,798.3773048688997,100.0,-1.6957320996796308,0.2137653526822051,13.246644035712245
0,14.3,UAV_1,397.3317241484318,531.0388429623697,110.93603130484246,nearest_mission,449.12394049154153,604.387813806946,100.0,0.9559835023423494,-0.12119676342691627,10.339530461483882
0,14.4,UAV_0,699.9825210419376,797.6821149703837,100.15209874618154,nearest_mission,700.0698298689165,798.3773048688997,100.0,1.4458605539101639,-0.21376535268221708,14.829340434813982
0,14.4,UAV_1,397.92373936449957,531.8772644451507,110.8110260937704,nearest_mission,449.12394049154153,604.387813806946,100.0,0.9559835023423489,-0.12119676342691627,10.248824689652857
0,14.5,UAV_0,700.16310495437,799.1200006470277,99.83750756895527,nearest_mission,700.0698298689165,798.3773048688997,100.0,-1.6957320996796743,0.21376535268223557,17.1607026922631
0,14.5,UAV_1,398.5105609987786,532.7083306937651,110.6871175180045,nearest_mission,449.12394049154153,604.387813806946,100.0,0.9559835023423494,-0.12119676342691628,13.538710720699383
0,14.6,UAV_0,699.9541309379003,797.4560609249061,100.2015565086718,nearest_mission,700.0698298689165,798.3773048688997,100.0,1.4458605539100935,-0.21376535268224015,16.576263715038333
0,14.6,UAV_1,399.2857531395099,533.8061702871272,110.52343412855186,nearest_mission,449.12394049154153,604.387813806946,100.0,0.9559835023423497,-0.1211967634269163,29.735916373920933
0,14.7,UAV_0,700.1559879637292,799.0633321500087,99.84990591847529,nearest_mission,700.0698298689165,798.3773048688997,100.0,-1.6957320996797651,0.21376535268223829,24.94618019590239
0,14.7,UAV_1,400.98835607903965,536.2174239887286,110.16392607191524,nearest_mission,449.12394049154153,604.387813806946,100.0,0.9559835023423492,-0.12119676342691633,17.65336558366317
0,14.8,UAV_0,699.8522064948347,796.6444952942265,100.37911679131385,nearest_mission,700.0698298689165,798.3773048688997,100.0,1.4458605539100475,-0.21376535268223718,14.935885361724813
0,14.8,UAV_1,401.9991428917743,537.6489165505876,109.95049639064116,nearest_mission,449.12394049154153,604.387813806946,100.0,0.9559835023423491,-0.12119676342691635,10.439506166661445
0,14.9,UAV_0,700.0340878553794,798.092711802845,100.06226535887717,nearest_mission,700.0698298689165,798.3773048688997,100.0,1.4458605539100362,-0.21376535268218583,26.129339470912058
0,14.9,UAV_1,402.59688246243655,538.49544495653,109.82428247051077,nearest_mission,449.12394049154153,604.387813806946,100.0,0.9559835023423489,-0.12119676342691643,13.376880100788433
0,15.0,UAV_0,700.3522772159703,800.6262704011216,99.50795482157237,nearest_mission,700.0698298689165,798.3773048688997,100.0,-1.6957320996797776,0.21376535268218327,22.039398258931755
0,15.0,UAV_1,403.362808593481,539.5801618777543,109.66255561775726,nearest_mission,449.12394049154153,604.387813806946,100.0,0.9559835023423487,-0.12119676342691632,15.049457600750074
0,15.1,UAV_0,700.0838930094876,798.4892815567645,99.97550091872431,nearest_mission,700.0698298689165,798.3773048688997,100.0,-1.6957320996797158,0.21376535268215963,14.722901658332049
0,15.1,UAV_1,404.22450225804346,540.8005063221827,109.48060725647434,nearest_mission,449.12394049154153,604.387813806946,100.0,0.9559835023423485,-0.12119676342691635,17.116189772231095
0,15.2,UAV_0,699.9046052525231,797.0617164195144,100.28783409262638,nearest_mission,700.0698298689165,798.3773048688997,100.0,1.44586055391007,-0.21376535268216565,28.01083315733488
0,15.2,UAV_1,405.20453175009936,542.188439871182,109.27367204571235,nearest_mission,449.12394049154153,604.387813806946,100.0,0.9559835023423489,-0.12119676342691625,21.008969019192087
0,15.3,UAV_0,700.2457064541768,799.7777088107365,99.69360935169557,nearest_mission,700.0698298689165,798.3773048688997,100.0,-1.6957320996797323,0.21376535268216626,29.546550219495344
0,15.3,UAV_1,406.4074518807175,543.8920347319338,109.01967302550214,nearest_mission,449.12394049154153,604.387813806946,100.0,0.9559835023423483,-0.12119676342691638,25.45824818786876
0,15.4,UAV_0,699.8859040974249,796.9128098935117,100.32041295482158,nearest_mission,700.0698298689165,798.3773048688997,100.0,1.445860553910059,-0.21376535268216537,21.409985952391537
0,15.4,UAV_1,407.8651264199813,545.9564168887629,108.71188209630044,nearest_mission,449.12394049154153,604.387813806946,100.0,0.955983502342348,-0.12119676342691643,15.24893178553728
0,15.5,UAV_0,700.1466236517034,798.9887695272809,99.86621927609622,nearest_mission,700.0698298689165,798.3773048688997,100.0,-1.6957320996796483,0.21376535268216354,10.413675348915113
0,15.5,UAV_1,408.7382414690106,547.1929364818026,108.52752208657124,nearest_mission,449.12394049154153,604.387813806946,100.0,0.9559835023423481,-0.12119676342691647,24.79917004640106
0,15.6,UAV_0,700.0198113874915,797.9790365124346,100.0871360728794,nearest_mission,700.0698298689165,798.3773048688997,100.0,1.4458605539101355,-0.21376535268218133,10.685470887112613
0,15.6,UAV_1,410.15817887023127,549.2038746960178,108.2276994304448,nearest_mission,449.12394049154153,604.387813806946,100.0,0.9559835023423477,-0.1211967634269165,23.614507716952794
0,15.7,UAV_0,700.149933434892,799.0151234243451,99.86045337715402,nearest_mission,700.0698298689165,798.3773048688997,100.0,-1.6957320996795777,0.2137653526821881,16.613169289561586
0,15.7,UAV_1,411.5102855196061,551.1187499071256,107.94219937485553,nearest_mission,449.12394049154153,604.387813806946,100.0,0.955983502342348,-0.12119676342691635,24.94789821208717
0,15.8,UAV_0,699.9476269923771,797.4042737530378,100.21288688606396,nearest_mission,700.0698298689165,798.3773048688997,100.0,1.4458605539102383,-0.21376535268218036,10.181842533488972
0,15.8,UAV_1,412.93873871731023,553.1417483294586,107.64057859106622,nearest_mission,449.12394049154153,604.387813806946,100.0,0.9559835023423483,-0.12119676342691629,26.32718221116884
0,15.9,UAV_0,700.0716161184309,798.3915277448863,99.9968882148471,nearest_mission,700.0698298689165,798.3773048688997,100.0,-1.6957320996821417,0.2137653526817745,18.073165804252476
0,15.9,UAV_1,414.44616620865145,555.2765914182388,107.32228222533672,nearest_mission,449.12394049154153,604.387813806946,100.0,0.9559835023423483,-0.12119676342691632,18.620112536470742
0,16.0,UAV_0,699.8515306058363,796.6391135794839,100.38029424234686,nearest_mission,700.0698298689165,798.3773048688997,100.0,1.4458605539076657,-0.21376535268177652,13.400709331186532
0,16.0,UAV_1,415.512306493024,556.7864764580412,107.09716454649455,nearest_mission,449.12394049154153,604.387813806946,100.0,0.9559835023423489,-0.12119676342691622,25.766801706069522
0,16.1,UAV_0,700.0147173996846,797.9384760217233,100.09601019460464,nearest_mission,700.0698298689165,798.3773048688997,100.0,1.445860553907585,-0.21376535268178545,26.36775220376798
0,16.1,UAV_1,416.9876480219473,558.8758788901343,106.78564319666945,nearest_mission,449.12394049154153,604.387813806946,100.0,0.9559835023423481,-0.12119676342691625,25.572354682922196
0,16.2,UAV_0,700.3358100252153,800.4951516463574,99.53664194467875,nearest_mission,700.0698298689165,798.3773048688997,100.0,-1.6957320996822034,0.21376535268178332,24.94563901606392
0,16.2,UAV_1,418.4518560088929,560.9495138207847,106.4764727167665,nearest_mission,449.12394049154153,604.387813806946,100.0,0.9559835023423477,-0.12119676342691643,13.753091703391977
0,16.3,UAV_0,700.0320351465184,798.0763672645709,100.06584133687058,nearest_mission,700.0698298689165,798.3773048688997,100.0,1.4458605539074583,-0.21376535268178296,28.82714840151617
0,16.3,UAV_1,419.23932305942424,562.0647373390802,106.31019745526596,nearest_mission,449.12394049154153,604.387813806946,100.0,0.9559835023423476,-0.1211967634269165,23.605159252063842
0,16.4,UAV_0,700.3830770061082,800.8715113889658,99.45429919906918,nearest_mission,700.0698298689165,798.3773048688997,100.0,-1.6957320996823209,0.2137653526817778,22.618160002600128
0,16.4,UAV_1,420.590894439477,563.9788544931541,106.02481042287742,nearest_mission,449.12394049154153,604.387813806946,100.0,0.9559835023423476,-0.12119676342691671,22.556302949799466
0,16.5,UAV_0,700.107644943345,798.6784045247236,99.93412320831446,nearest_mission,700.0698298689165,798.3773048688997,100.0,-1.6957320996825045,0.21376535268177635,19.93979424523435
0,16.5,UAV_1,421.88241097538355,565.8079210098277,105.75210409237734,nearest_mission,449.12394049154153,604.387813806946,100.0,0.9559835023423479,-0.12119676342691664,24.618385394701093
0,16.6,UAV_0,699.864828610831,796.7449979334814,100.35712808657044,nearest_mission,700.0698298689165,798.3773048688997,100.0,1.4458605539073166,-0.21376535268177455,14.983888800674494
0,16.6,UAV_1,423.291997107266,567.8041995897097,105.45446712772195,nearest_mission,449.12394049154153,604.387813806946,100.0,0.9559835023423487,-0.12119676342691665,27.83508527905936
0,16.7,UAV_0,700.047294532025,798.1978689618065,100.03925830416559,nearest_mission,700.0698298689165,798.3773048688997,100.0,1.4458605539070428,-0.21376535268184604,18.993081430161407
0,16.7,UAV_1,424.88576329298724,570.0613169278653,105.11794017193036,nearest_mission,449.12394049154153,604.387813806946,100.0,0.9559835023423486,-0.12119676342691672,20.17798049672831
0,16.8,UAV_0,700.2785822935386,800.0394801827372,99.63633709047282,nearest_mission,700.0698298689165,798.3773048688997,100.0,-1.6957320996827523,0.21376535268184954,26.136478753434357
0,16.8,UAV_1,426.0411031343931,571.6975278168038,104.87398782608665,nearest_mission,449.12394049154153,604.387813806946,100.0,0.9559835023423484,-0.12119676342691663,24.09984321898544
0,16.9,UAV_0,699.9603059945106,797.5052293438235,100.19079908126204,nearest_mission,700.0698298689165,798.3773048688997,100.0,1.445860553907016,-0.21376535268183972,29.160084454458865
0,16.9,UAV_1,427.42099886018406,573.6517583654462,104.58262005076888,nearest_mission,449.12394049154153,604.387813806946,100.0,0.9559835023423473,-0.12119676342691678,13.289719885661576
0,17.0,UAV_0,700.315402174339,800.3326556849405,99.57219400325107,nearest_mission,700.0698298689165,798.3773048688997,100.0,-1.695732099682786,0.21376535268183822,25.469585859203804
0,17.0,UAV_1,428.1819344189987,574.7294075579107,104.4219469674423,nearest_mission,449.12394049154153,604.387813806946,100.0,0.9559835023423469,-0.12119676342691676,22.193779994213884
0,17.1,UAV_0,700.0052469464096,797.863068257369,100.11250845851085,nearest_mission,700.0698298689165,798.3773048688997,100.0,1.445860553907066,-0.213765352681832,11.812584892961251
0,17.1,UAV_1,429.4526938125302,576.5290774752806,104.1536235495658,nearest_mission,449.12394049154153,604.387813806946,100.0,0.9559835023423479,-0.12119676342691683,10.602687074619244
0,17.2,UAV_0,700.1490943956835,799.0084426384069,99.8619150485146,nearest_mission,700.0698298689165,798.3773048688997,100.0,-1.69573209968266,0.2137653526818467,23.46152892548768
0,17.2,UAV_1,430.0597767069384,577.3888380467765,104.02543676771617,nearest_mission,449.12394049154153,604.387813806946,100.0,0.9559835023423466,-0.12119676342691711,23.9419829666833
0,17.3,UAV_0,699.8633922295126,796.7335608564147,100.35963037419808,nearest_mission,700.0698298689165,798.3773048688997,100.0,1.4458605539071587,-0.21376535268184296,26.450976437094397
0,17.3,UAV_1,431.4306337561934,579.3302678761502,103.73597752724265,nearest_mission,449.12394049154153,604.387813806946,100.0,0.9559835023423464,-0.12119676342691708,21.653784433798936
0,17.4,UAV_0,700.1854983160091,799.2983060869474,99.7984965966917,nearest_mission,700.0698298689165,798.3773048688997,100.0,-1.6957320996826555,0.21376535268184868,17.091661666311673
0,17.4,UAV_1,432.67047437739126,581.0861501302268,103.47418267072192,nearest_mission,449.12394049154153,604.387813806946,100.0,0.9559835023423465,-0.12119676342691689,21.375772822918513
0,17.5,UAV_0,699.9773650448554,797.6410607355403,100.16108089287023,nearest_mission,700.0698298689165,798.3773048688997,100.0,1.4458605539070646,-0.2137653526818548,21.28830577589386
0,17.5,UAV_1,433.89439676086084,582.8194887196861,103.21574898231496,nearest_mission,449.12394049154153,604.387813806946,100.0,0.9559835023423451,-0.12119676342691718,15.566995490806674
0,17.6,UAV_0,700.2366028419148,799.7052219900291,99.70946855012184,nearest_mission,700.0698298689165,798.3773048688997,100.0,-1.695732099682736,0.2137653526818502,17.22042739458281
0,17.6,UAV_1,434.78572332867225,584.0817997589025,103.027543573536,nearest_mission,449.12394049154153,604.387813806946,100.0,0.9559835023423451,-0.12119676342691683,11.387465922649707
0,17.7,UAV_0,700.0269015294108,798.035491228557,100.07478449591224,nearest_mission,700.0698298689165,798.3773048688997,100.0,1.445860553907166,-0.21376535268184996,24.34575425249497
0,17.7,UAV_1,435.43774066386703,585.0051972090625,102.88986879356997,nearest_mission,449.12394049154153,604.387813806946,100.0,0.9559835023423441,-0.121196763426917,23.42792682954996
0,17.8,UAV_0,700.323371326801,800.3961094556877,99.5583111217654,nearest_mission,700.0698298689165,798.3773048688997,100.0,-1.6957320996826326,0.2137653526818497,19.422044909465335
0,17.8,UAV_1,436.77916416618973,586.9049427752742,102.60662450610275,nearest_mission,449.12394049154153,604.387813806946,100.0,0.955983502342343,-0.12119676342691703,16.29064484359809
0,17.9,UAV_0,700.0868598735309,798.5129049861964,99.97033241152253,nearest_mission,700.0698298689165,798.3773048688997,100.0,-1.6957320996822285,0.21376535268182567,26.827298826733525
0,17.9,UAV_1,437.7119250553706,588.2259337676704,102.40967015650632,nearest_mission,449.12394049154153,604.387813806946,100.0,0.9559835023423456,-0.1211967634269169,29.090165636732824
0,18.0,UAV_0,699.7601711307967,795.9116707036898,100.53944953151759,nearest_mission,700.0698298689165,798.3773048688997,100.0,1.445860553907543,-0.2137653526818269,27.33218152911929
0,18.0,UAV_1,439.3775539501286,590.5848242316376,102.05796924425627,nearest_mission,449.12394049154153,604.387813806946,100.0,0.955983502342343,-0.12119676342691668,20.229840287543563
0,18.1,UAV_0,700.0930080696775,798.5618595306913,99.95962177712833,nearest_mission,700.0698298689165,798.3773048688997,100.0,-1.6957320996819578,0.21376535268179359,16.893967062256714
0,18.1,UAV_1,440.53586315125335,592.2252403756286,101.81338991209813,nearest_mission,449.12394049154153,604.387813806946,100.0,0.9559835023423405,-0.12119676342691704,21.717667104750785
0,18.2,UAV_0,699.8872822194905,796.9237830857348,100.31801215932292,nearest_mission,700.0698298689165,798.3773048688997,100.0,1.4458605539078333,-0.21376535268180047,13.539320177070744
0,18.2,UAV_1,441.7793615317071,593.9863028072677,101.55082271230746,nearest_mission,449.12394049154153,604.387813806946,100.0,0.9559835023423385,-0.12119676342691751,20.24444819000299
0,18.3,UAV_0,700.052156943356,798.2365855424375,100.0307876066152,nearest_mission,700.0698298689165,798.3773048688997,100.0,1.4458605539077936,-0.21376535268180605,27.919393443717347
0,18.3,UAV_1,442.93850714417215,595.6279034904683,101.306066770202,nearest_mission,449.12394049154153,604.387813806946,100.0,0.9559835023423372,-0.1211967634269187,16.321604075700066
0,18.4,UAV_0,700.3921446402508,800.9437117366043,99.43850267732289,nearest_mission,700.0698298689165,798.3773048688997,100.0,-1.6957320996819902,0.2137653526818107,28.934873651212936
0,18.4,UAV_1,443.8730406802397,596.951404933932,101.10873812262773,nearest_mission,449.12394049154153,604.387813806946,100.0,0.9559835023423376,-0.12119676342691864,13.857740409433832
0,18.5,UAV_0,700.0397909591993,798.1381223335246,100.05233010982563,nearest_mission,700.0698298689165,798.3773048688997,100.0,1.4458605539078964,-0.21376535268180097,12.697525095415942
0,18.5,UAV_1,444.66649964950943,598.0751143040385,100.94119765535834,nearest_mission,449.12394049154153,604.387813806946,100.0,0.9559835023423388,-0.12119676342691871,25.430417441713825
0,18.6,UAV_0,700.1944147450689,799.369302475607,99.78296348592363,nearest_mission,700.0698298689165,798.3773048688997,100.0,-1.695732099681875,0.2137653526818183,11.143290928519187
0,18.6,UAV_1,446.1225806710348,600.1372396953843,100.63374320065229,nearest_mission,449.12394049154153,604.387813806946,100.0,0.955983502342342,-0.12119676342691943,11.648330810754633
0,18.7,UAV_0,700.0587176058652,798.2888243189942,100.01935842383612,nearest_mission,700.0698298689165,798.3773048688997,100.0,1.4458605539072389,-0.2137653526818841,19.03161277410498
0,18.7,UAV_1,446.7895344662237,601.081790400724,100.49291455692811,nearest_mission,449.12394049154153,604.387813806946,100.0,0.9559835023423363,-0.1211967634269196,26.67019641072533
0,18.8,UAV_0,700.2904745818302,800.1341716243315,99.61561980218745,nearest_mission,700.0698298689165,798.3773048688997,100.0,-1.695732099682546,0.21376535268187563,20.24798800975902
0,18.8,UAV_1,448.31660207818953,603.2444481446164,100.17047113997843,nearest_mission,449.12394049154153,604.387813806946,100.0,0.9559835023423292,-0.12119676342692189,29.744932925896734
0,18.9,UAV_0,700.0439052276606,798.1708818834247,100.04516273516168,nearest_mission,700.0698298689165,798.3773048688997,100.0,1.4458605539071943,-0.21376535268185706,16.757789088180438
0,18.9,UAV_1,450.01972128255227,605.656432988788,99.81085407297745,nearest_mission,449.12394049154153,604.387813806946,100.0,-2.185609151247459,0.12119676342691948,22.149558990201783
0,19.0,UAV_0,700.2479727740654,799.795754210554,99.68966124673575,nearest_mission,700.0698298689165,798.3773048688997,100.0,-1.6957320996826366,0.21376535268185515,25.351013063557264
0,19.0,UAV_1,448.7514938712363,603.8603489054066,100.0786428576846,nearest_mission,449.12394049154153,604.387813806946,100.0,0.9559835023423222,-0.12119676342692436,24.22699439051172
0,19.1,UAV_0,699.9392614633111,797.337663863736,100.22746028632126,nearest_mission,700.0698298689165,798.3773048688997,100.0,1.445860553907172,-0.21376535268185043,17.157672482490472
0,19.1,UAV_1,450.1386699497053,605.8248900067539,99.7857378211639,nearest_mission,449.12394049154153,604.387813806946,100.0,-2.1856091512474634,0.12119676342692538,26.70385106308142
0,19.2,UAV_0,700.1481985794841,799.0013097700096,99.86347562979208,nearest_mission,700.0698298689165,798.3773048688997,100.0,-1.6957320996826786,0.2137653526818373,26.98184010442578
0,19.2,UAV_1,448.6096753579447,603.6595032430442,100.10858812379733,nearest_mission,449.12394049154153,604.387813806946,100.0,0.9559835023423212,-0.12119676342691746,19.07275816980402
0,19.3,UAV_0,699.8196279143071,796.3850908231061,100.43587120459726,nearest_mission,700.0698298689165,798.3773048688997,100.0,1.4458605539071077,-0.21376535268183533,12.467312518684068
0,19.3,UAV_1,449.701732979997,605.2060928338402,99.87799794664913,nearest_mission,449.12394049154153,604.387813806946,100.0,-2.1856091512474918,0.12119676342692033,17.015687379440237
0,19.4,UAV_0,699.9714482924347,797.5939490441211,100.17138833434863,nearest_mission,700.0698298689165,798.3773048688997,100.0,1.4458605539070701,-0.2137653526818304,20.712273696379228
0,19.4,UAV_1,448.7274579993287,603.8263089165386,100.08371808068489,nearest_mission,449.12394049154153,604.387813806946,100.0,0.9559835023422573,-0.12119676342693524,18.038663236905546
0,19.5,UAV_0,700.223671473634,799.6022569530035,99.73199599631398,nearest_mission,700.0698298689165,798.3773048688997,100.0,-1.6957320996827354,0.21376535268182792,25.67427796996354
0,19.5,UAV_1,449.7603059756999,605.2890448536114,99.86563014005863,nearest_mission,449.12394049154153,604.387813806946,100.0,-2.185609151247546,0.12119676342692862,28.50939396951238
0,19.6,UAV_0,699.9110236127808,797.1128221252407,100.27665281139585,nearest_mission,700.0698298689165,798.3773048688997,100.0,1.4458605539070626,-0.21376535268182303,17.533727934612493
0,19.6,UAV_1,448.1279305894387,602.9772485438907,100.21030950668668,nearest_mission,449.12394049154153,604.387813806946,100.0,0.9559835023422562,-0.12119676342692695,13.137211195292176
0,19.7,UAV_0,700.1245401345677,798.8129312006354,99.90469047521836,nearest_mission,700.0698298689165,798.3773048688997,100.0,-1.695732099682619,0.21376535268183253,20.965606226917625
0,19.7,UAV_1,448.8801338885422,604.0425309695282,100.05148025767161,nearest_mission,449.12394049154153,604.387813806946,100.0,0.9559835023421981,-0.12119676342691728,12.937673503243662
0,19.8,UAV_0,699.8692320029818,796.7800596087834,100.34945703602186,nearest_mission,700.0698298689165,798.3773048688997,100.0,1.4458605539071934,-0.2137653526818334,13.492285576362244
0,19.8,UAV_1,449.62091216691476,605.0916330968183,99.8950634249074,nearest_mission,449.12394049154153,604.387813806946,100.0,-2.185609151247601,0.12119676342692005,28.41738971456516
0,19.9,UAV_0,700.0335339642054,798.0883014864795,100.06323028024731,nearest_mission,700.0698298689165,798.3773048688997,100.0,1.4458605539071352,-0.21376535268179425,22.80240069029287
0,19.9,UAV_1,447.99380471028275,602.7872973138734,100.23863045753227,nearest_mission,449.12394049154153,604.387813806946,100.0,0.9559835023421777,-0.12119676342692352,14.851628235452417
0,20.0,UAV_0,700.3112096132138,800.2992727356585,99.57949776980541,nearest_mission,700.0698298689165,798.3773048688997,100.0,-1.6957320996826346,0.21376535268178956,22.71343533420211
0,20.0,UAV_1,448.84417116855906,603.991599986346,100.05907385878221,nearest_mission,449.12394049154153,604.387813806946,100.0,0.9559835023422734,-0.12119676342692014,16.57138171345244
