seed,time,num_vehicle,num_uav,num_rsu,num_cloud,num_all_tasks,num_done_tasks,num_failed_tasks,success_ratio,v2u_avg_rate,v2i_avg_rate,u2i_avg_rate
0,0.1,1,2,4,1,0,0,0,0.0,0.0,0.0,0.0
0,0.2,1,2,4,1,0,0,0,0.0,0.0,0.0,0.0
0,0.3,1,2,4,1,2,0,0,0.0,0.0,0.0,0.0
0,0.4,1,2,4,1,2,1,0,1.0,0.0,0.0,162.33685605335515
0,0.5,2,2,4,1,2,1,0,1.0,0.0,0.0,129.86948484268413
0,0.6,2,2,4,1,2,1,0,1.0,0.0,0.0,108.22457070223678
0,0.7,2,2,4,1,3,1,0,1.0,0.0,0.0,92.76391774477439
0,0.8,2,2,4,1,3,2,0,1.0,0.0,0.0,181.03531406047796
0,0.9,2,2,4,1,3,2,0,1.0,0.0,0.0,160.9202791648693
0,1.0,2,2,4,1,3,2,0,1.0,0.0,0.0,144.82825124838237
0,1.1,2,2,4,1,3,2,0,1.0,0.0,0.0,131.66204658943852
0,1.2,2,2,4,1,3,2,1,0.6666666666666666,0.0,0.0,120.69020937365195
0,1.3,2,2,4,1,3,2,1,0.6666666666666666,0.0,0.0,111.40634711414026
0,1.4,3,2,4,1,3,2,1,0.6666666666666666,0.0,0.0,103.44875089170166
0,1.5,3,2,4,1,3,2,1,0.6666666666666666,0.0,0.0,96.55216749892155
0,1.6,4,2,4,1,4,2,1,0.6666666666666666,0.0,0.0,90.51765703023895
0,1.7,4,2,4,1,5,2,1,0.6666666666666666,0.0,0.0,85.19308896963665
0,1.8,4,2,4,1,5,3,1,0.75,0.0,0.0,133.30386224458334
0,1.9,4,2,4,1,5,3,1,0.75,0.0,0.0,126.28786949486843
0,2.0,4,2,4,1,5,3,1,0.75,0.0,0.0,119.97347602012502
0,2.1,4,2,4,1,5,3,1,0.75,0.0,0.0,114.26045335250002
0,2.2,4,2,4,1,5,3,1,0.75,0.0,0.0,109.06679638193184
0,2.3,5,2,4,1,5,3,1,0.75,0.0,0.0,104.32476175663045
0,2.4,5,2,4,1,5,3,1,0.75,0.0,0.0,99.9778966834375
0,2.5,5,2,4,1,5,3,2,0.6,0.0,0.0,95.9787808161
0,2.6,5,2,4,1,5,3,2,0.6,0.0,0.0,92.28728924625
0,2.7,5,2,4,1,5,3,2,0.6,0.0,0.0,88.8692414963889
0,2.8,5,2,4,1,5,3,2,0.6,0.0,0.0,85.695340014375
0,2.9,5,2,4,1,5,3,2,0.6,0.0,0.0,82.74032828974137
0,3.0,5,2,4,1,5,3,2,0.6,0.0,0.0,79.98231734675
0,3.1,5,2,4,1,5,3,2,0.6,0.0,0.0,77.40224259362903
0,3.2,5,2,4,1,5,3,2,0.6,0.0,0.0,74.98342251257812
0,3.3,5,2,4,1,5,3,2,0.6,0.0,0.0,72.71119758795454
0,3.4,5,2,4,1,5,3,2,0.6,0.0,0.0,70.5726329530147
0,3.5,5,2,4,1,5,3,2,0.6,0.0,0.0,68.5562720115
0,3.6,5,2,4,1,5,3,2,0.6,0.0,0.0,66.65193112229166
0,3.7,6,2,4,1,5,3,2,0.6,0.0,0.0,64.85052757844593
0,3.8,6,2,4,1,6,3,2,0.6,0.0,0.0,63.1439347474342
0,3.9,6,2,4,1,6,4,2,0.6666666666666666,0.0,0.0,84.132375229658
0,4.0,6,2,4,1,6,4,2,0.6666666666666666,0.0,0.0,82.02906584891655
0,4.1,6,2,4,1,6,4,2,0.6666666666666666,0.0,0.0,80.02835692577226
0,4.2,6,2,4,1,6,4,2,0.6666666666666666,0.0,0.0,78.12291985611101
0,4.3,7,2,4,1,7,4,2,0.6666666666666666,0.0,0.0,76.30610776643402
0,4.4,7,2,4,1,7,4,2,0.6666666666666666,18.3791775668121,0.0,74.57187804446961
0,4.5,7,2,4,1,7,5,2,0.7142857142857143,17.97075139866072,0.0,72.91472519903697
0,4.6,7,2,4,1,8,5,2,0.7142857142857143,17.580082889994184,0.0,71.32962247731878
0,4.7,8,2,4,1,8,6,2,0.75,17.2060385731858,19.202783290752066,69.81197093524817
0,4.8,8,2,4,1,10,6,2,0.75,16.84757943624443,18.802725305528067,68.35755487409718
0,4.9,8,2,4,1,10,7,2,0.7777777777777778,16.50375128448434,32.46426695067696,66.96250273380947
0,5.0,8,2,4,1,10,7,2,0.7777777777777778,16.173676258794654,31.81498161166342,65.62325267913329
0,5.1,8,2,4,1,10,7,2,0.7777777777777778,15.856545351759467,31.19115844280728,64.33652223444442
0,5.2,8,2,4,1,10,7,2,0.7777777777777778,15.551611787302555,30.591328472753293,63.09928142224356
0,5.3,8,2,4,1,11,7,2,0.7777777777777778,15.25818514980628,30.014133595908895,61.90872894257859
0,5.4,8,2,4,1,11,7,2,0.7777777777777778,14.97562616555061,29.458316307095767,60.76227099919751
0,5.5,8,2,4,1,11,7,2,0.7777777777777778,14.70334205344969,28.922710556057663,59.657502435575736
0,5.6,8,2,4,1,11,7,2,0.7777777777777778,14.440782373923804,28.40623358184235,58.59218989208332
0,5.7,8,2,4,1,12,7,3,0.7,14.18743531473216,27.90787860672231,57.56425673608186
0,5.8,8,2,4,1,13,8,3,0.7272727272727273,13.942824361029881,40.857139772039964,56.571769550977
0,5.9,8,2,4,1,14,8,3,0.7272727272727273,13.706505304063272,40.16464587759861,55.61292599926553
0,6.0,8,2,4,1,14,8,3,0.7272727272727273,13.478063548995552,39.49523511297197,54.68604389927778
0,6.1,9,2,4,1,15,8,3,0.7272727272727273,13.257111687536609,38.84777224226751,53.7895513763388
0,6.2,9,2,4,1,15,8,4,0.6666666666666666,13.043287305479568,50.122223861704974,52.92197796704301
0,6.3,9,2,4,1,16,8,4,0.6666666666666666,12.836250999043385,49.32663300675728,52.08194657074074
0,6.4,9,2,4,1,16,9,4,0.6923076923076923,12.635684577183333,48.555904366026695,51.26816615557292
0,6.5,9,2,4,1,16,10,4,0.7142857142857143,12.441289429842051,47.80889045270321,50.47942513779488
0,6.6,9,2,4,1,16,11,4,0.7333333333333333,12.252785044541413,47.08451332463195,49.714585362979804
0,6.7,9,2,4,1,16,12,4,0.75,12.069907655816916,46.381759394413564,48.97257662621892
0,6.8,9,2,4,1,16,12,4,0.75,11.89240901381961,45.6996746974369,48.252391675833344
0,6.9,9,2,4,1,16,12,4,0.75,11.720055259996137,45.03736057138709,47.55308165154591
0,7.0,9,2,4,1,16,12,4,0.75,11.55262589913905,44.39396970608156,46.87375191366668
0,7.1,10,2,4,1,16,12,4,0.75,11.389912858306106,43.76870252712267,46.2135582247418
0,7.2,10,2,4,1,16,12,4,0.75,11.231719624162965,43.16080388091263,45.57170324939816
0,7.3,10,2,4,1,16,12,4,0.75,11.077860451229226,42.56955999213301,44.94743334187216
0,7.4,10,2,4,1,16,12,4,0.75,10.928159634320723,41.994295667915,44.34003559400903
0,7.5,10,2,4,1,16,12,4,0.75,10.782450839196448,41.43437172567613,43.74883511942224
0,7.6,10,2,4,1,17,12,4,0.75,10.640576486049126,40.889182624022496,43.17319255206142
0,7.7,10,2,4,1,17,12,4,0.75,17.46210951936477,40.358154278255974,42.612501739696995
0,7.8,10,2,4,1,19,12,4,0.75,17.238236320398553,39.840742043919356,42.06618761482908
0,7.9,10,2,4,1,20,13,4,0.7647058823529411,21.750715994937316,44.22888312379763,41.5337042272996
0,8.0,10,2,4,1,21,14,4,0.7777777777777778,21.478832045000598,55.30751490736803,41.01453292445836
0,8.1,10,2,4,1,29,17,4,0.8095238095238095,21.21366127901294,54.62470608135114,50.355650196020285
0,8.2,11,2,4,1,29,24,4,0.8571428571428571,21.82782661405946,57.08142401369326,51.2354534599859
0,8.3,11,2,4,1,30,24,4,0.8571428571428571,21.56484075123947,56.39369601352828,50.618158839986066
0,8.4,11,2,4,1,31,25,4,0.8620689655172413,21.308116456581857,64.79981980355211,50.01556171093862
0,8.5,11,2,4,1,31,25,4,0.8620689655172413,21.057432733563246,64.03746898233385,49.42714333786875
0,8.6,11,2,4,1,32,26,4,0.8666666666666667,20.812578864568327,63.29284724998113,48.85240911300981
0,8.7,11,2,4,1,32,26,4,0.8666666666666667,20.573353820148,62.56534325860204,48.29088716918211
0,8.8,11,2,4,1,32,27,4,0.8709677419354839,20.339565708555412,61.8543734488452,47.74212708771414
0,8.9,11,2,4,1,32,27,4,0.8709677419354839,20.11103126239187,61.15938048874582,47.20569869347016
0,9.0,11,2,4,1,33,27,5,0.84375,19.887575359476404,60.47983181664864,46.68119093020938
0,9.1,11,2,4,1,33,27,5,0.84375,19.669030575306333,59.815218280201954,46.16821081009719
0,9.2,12,2,4,1,33,27,5,0.84375,19.455236764705177,59.1650528641128,45.66638243172657
0,9.3,12,2,4,1,33,28,5,0.8484848484848485,19.246040670461035,58.52886949998256,45.17534606149295
0,9.4,12,2,4,1,34,28,5,0.8484848484848485,19.041295556945492,57.90622195211041,44.69475727360473
0,9.5,12,2,4,1,34,28,5,0.8484848484848485,18.840860866872383,57.296682773667136,44.22428614440889
0,9.6,12,2,4,1,35,28,5,0.8484848484848485,18.64460189950913,56.699842328108105,43.7636164970713
0,9.7,12,2,4,1,35,29,5,0.8529411764705882,18.452389508792542,56.1153078711173,43.31244519297778
0,9.8,12,2,4,1,35,28,6,0.8235294117647058,18.26409981992731,55.542702688758965,42.870481466518825
0,9.9,13,2,4,1,35,28,6,0.8235294117647058,18.07961396316037,54.98166528786241,42.43744630019035
0,10.0,13,2,4,1,37,29,6,0.8285714285714286,17.898817823528766,54.43184863498379,42.01307183718845
1,0.1,0,2,4,1,0,0,0,0.0,0.0,0.0,0.0
1,0.2,0,2,4,1,0,0,0,0.0,0.0,0.0,0.0
1,0.3,0,2,4,1,0,0,0,0.0,0.0,0.0,0.0
1,0.4,0,2,4,1,0,0,0,0.0,0.0,0.0,0.0
1,0.5,0,2,4,1,0,0,0,0.0,0.0,0.0,0.0
1,0.6,0,2,4,1,0,0,0,0.0,0.0,0.0,0.0
1,0.7,0,2,4,1,0,0,0,0.0,0.0,0.0,0.0
1,0.8,0,2,4,1,0,0,0,0.0,0.0,0.0,0.0
1,0.9,0,2,4,1,0,0,0,0.0,0.0,0.0,0.0
1,1.0,0,2,4,1,0,0,0,0.0,0.0,0.0,0.0
1,1.1,0,2,4,1,0,0,0,0.0,0.0,0.0,0.0
1,1.2,0,2,4,1,0,0,0,0.0,0.0,0.0,0.0
1,1.3,0,2,4,1,0,0,0,0.0,0.0,0.0,0.0
1,1.4,0,2,4,1,0,0,0,0.0,0.0,0.0,0.0
1,1.5,0,2,4,1,0,0,0,0.0,0.0,0.0,0.0
1,1.6,0,2,4,1,1,0,0,0.0,0.0,0.0,0.0
1,1.7,0,2,4,1,1,1,0,1.0,0.0,0.0,0.0
1,1.8,0,2,4,1,1,1,0,1.0,0.0,0.0,0.0
1,1.9,0,2,4,1,1,1,0,1.0,0.0,0.0,0.0
1,2.0,1,2,4,1,1,1,0,1.0,0.0,0.0,0.0
1,2.1,1,2,4,1,1,1,0,1.0,0.0,0.0,0.0
1,2.2,1,2,4,1,1,1,0,1.0,0.0,0.0,0.0
1,2.3,2,2,4,1,1,1,0,1.0,0.0,0.0,0.0
1,2.4,2,2,4,1,1,1,0,1.0,0.0,0.0,0.0
1,2.5,2,2,4,1,1,1,0,1.0,0.0,0.0,0.0
1,2.6,2,2,4,1,1,1,0,1.0,0.0,0.0,0.0
1,2.7,2,2,4,1,1,1,0,1.0,0.0,0.0,0.0
1,2.8,2,2,4,1,1,1,0,1.0,0.0,0.0,0.0
1,2.9,2,2,4,1,1,1,0,1.0,0.0,0.0,0.0
1,3.0,2,2,4,1,1,1,0,1.0,0.0,0.0,0.0
1,3.1,3,2,4,1,1,1,0,1.0,0.0,0.0,0.0
1,3.2,3,2,4,1,2,1,0,1.0,0.0,0.0,0.0
1,3.3,3,2,4,1,2,1,0,1.0,0.0,0.0,0.0
1,3.4,3,2,4,1,2,2,0,1.0,0.0,0.0,0.0
1,3.5,3,2,4,1,2,2,0,1.0,0.0,0.0,0.0
1,3.6,3,2,4,1,2,2,0,1.0,0.0,0.0,0.0
1,3.7,3,2,4,1,2,2,0,1.0,0.0,0.0,0.0
1,3.8,3,2,4,1,2,2,0,1.0,0.0,0.0,0.0
1,3.9,3,2,4,1,3,2,0,1.0,0.0,0.0,0.0
1,4.0,4,2,4,1,3,3,0,1.0,0.0,0.0,18.728863539522553
1,4.1,4,2,4,1,3,3,0,1.0,0.0,0.0,18.272061989778102
1,4.2,4,2,4,1,3,3,0,1.0,0.0,0.0,17.837012894783385
1,4.3,4,2,4,1,4,3,0,1.0,0.0,0.0,17.422198641416333
1,4.4,4,2,4,1,4,3,0,1.0,0.0,0.0,17.026239581384143
1,4.5,4,2,4,1,4,3,0,1.0,0.0,0.0,16.647878701797833
1,4.6,4,2,4,1,5,4,0,1.0,0.0,0.0,16.28596829523701
1,4.7,4,2,4,1,5,5,0,1.0,0.0,20.040064370258527,15.939458331508565
1,4.8,5,2,4,1,5,5,0,1.0,0.0,19.622563029211477,15.60738628293547
1,4.9,5,2,4,1,5,5,0,1.0,0.0,19.22210255922757,15.288868195528625
1,5.0,5,2,4,1,5,5,0,1.0,0.0,18.83766050804302,14.983090831618053
1,5.1,6,2,4,1,5,5,0,1.0,0.0,18.46829461572845,14.689304736880446
1,5.2,6,2,4,1,6,5,0,1.0,0.0,18.113135103887522,14.406818107325053
1,5.3,6,2,4,1,6,6,0,1.0,0.0,31.555623764490928,14.134991350583071
1,5.4,6,2,4,1,6,6,0,1.0,0.0,30.9712603614448,13.873232251498202
1,5.5,6,2,4,1,7,6,0,1.0,0.0,30.40814653669126,13.620991665107326
1,5.6,6,2,4,1,7,6,0,1.0,0.0,29.86514391996463,13.377759671087553
1,5.7,6,2,4,1,8,6,0,1.0,0.0,29.34119402663192,13.143062132998297
1,5.8,6,2,4,1,8,7,0,1.0,0.0,28.835311371000337,12.916457613463844
1,5.9,6,2,4,1,8,7,0,1.0,0.0,28.346577279966436,12.697534603066153
1,6.0,6,2,4,1,8,8,0,1.0,0.0,27.87413432530033,12.485909026348384
1,6.1,6,2,4,1,8,8,0,1.0,0.0,27.417181303574093,12.28122199312956
1,6.2,6,2,4,1,8,8,0,1.0,0.0,26.974968701903546,12.083137767433922
1,6.3,6,2,4,1,8,8,0,1.0,0.0,26.546794595524126,11.891341929855606
1,6.4,6,2,4,1,8,8,0,1.0,0.0,26.132000929969063,11.705539712201613
1,6.5,6,2,4,1,8,8,0,1.0,0.0,25.72997014643108,11.525454485860049
1,6.6,6,2,4,1,8,8,0,1.0,0.0,25.340122113909395,11.350826387589443
1,6.7,6,2,4,1,8,8,0,1.0,0.0,24.96191133608985,11.181411068371691
1,6.8,6,2,4,1,8,8,0,1.0,0.0,24.594824404676768,11.016978552660342
1,6.9,6,2,4,1,8,8,0,1.0,0.0,24.238377674174206,10.857312196824687
1,7.0,6,2,4,1,8,8,0,1.0,0.0,23.892115135971718,10.702207736870049
1,7.1,6,2,4,1,8,8,0,1.0,0.0,23.555606472084794,10.551472416632443
1,7.2,6,2,4,1,9,8,0,1.0,0.0,23.22844527108362,10.404924188623658
1,7.3,7,2,4,1,10,8,1,0.8888888888888888,0.0,22.910247390657815,10.26239098056032
1,7.4,7,2,4,1,10,8,1,0.8888888888888888,0.0,22.600649452946225,10.12371002136356
1,7.5,7,2,4,1,10,9,1,0.9,0.0,22.299307460240275,9.988727221078713
1,7.6,7,2,4,1,10,9,1,0.9,0.0,22.005895519973954,9.85729659974873
1,7.7,7,2,4,1,10,9,1,0.9,0.0,21.720104669065204,9.729279760790956
1,7.8,7,2,4,1,10,9,1,0.9,0.0,21.441641788692575,9.604545404883378
1,7.9,7,2,4,1,10,9,1,0.9,0.0,21.170228601493935,9.482968880770931
1,8.0,7,2,4,1,10,9,1,0.9,0.0,20.90560074397526,9.364431769761294
1,8.1,7,2,4,1,13,9,1,0.9,0.0,20.647506907629886,9.24882150099881
1,8.2,7,2,4,1,14,9,1,0.9,0.0,22.92600154712468,9.136030994889069
1,8.3,8,2,4,1,14,10,1,0.9090909090909091,0.0,22.649784661014746,9.025958332300045
1,8.4,8,2,4,1,14,12,1,0.9230769230769231,0.0,22.38014436743124,8.91850644739171
1,8.5,8,2,4,1,14,13,1,0.9285714285714286,0.0,22.11684855134381,8.813582842128278
1,8.6,8,2,4,1,14,13,1,0.9285714285714286,0.0,21.859675893770046,8.711099320708183
1,8.7,8,2,4,1,15,13,1,0.9285714285714286,0.0,21.60841525131292,8.610971742309237
1,8.8,8,2,4,1,15,13,1,0.9285714285714286,0.0,21.362865078002546,8.513119790692087
1,8.9,8,2,4,1,15,13,1,0.9285714285714286,0.0,21.122832886114878,8.417466759335998
1,9.0,8,2,4,1,16,13,1,0.9285714285714286,0.0,20.888134742935826,8.32393935089893
1,9.1,8,2,4,1,16,14,1,0.9333333333333333,0.0,20.65859480070576,8.232467489900042
1,9.2,8,2,4,1,16,14,1,0.9333333333333333,0.0,20.434044857219828,8.142984147618519
1,9.3,8,2,4,1,16,14,1,0.9333333333333333,0.0,20.214323944776606,8.055425178289289
1,9.4,8,2,4,1,16,15,1,0.9375,0.0,19.99927794536409,7.969729165754296
1,9.5,8,2,4,1,18,15,1,0.9375,0.0,19.78875923014973,7.885837279798988
1,9.6,8,2,4,1,19,17,1,0.9444444444444444,0.0,23.946279807765976,7.803693141467749
1,9.7,8,2,4,1,19,18,1,0.9473684210526315,0.0,31.82850899702779,7.723242696710349
1,9.8,8,2,4,1,19,18,1,0.9473684210526315,0.0,31.503728292976486,7.644434097764325
1,9.9,8,2,4,1,19,18,1,0.9473684210526315,0.0,31.185508815269653,7.567217591726302
1,10.0,8,2,4,1,19,18,1,0.9473684210526315,0.0,30.873653727116956,7.491545415809039
2,0.1,0,2,4,1,0,0,0,0.0,0.0,0.0,0.0
2,0.2,0,2,4,1,0,0,0,0.0,0.0,0.0,0.0
2,0.3,0,2,4,1,0,0,0,0.0,0.0,0.0,0.0
2,0.4,0,2,4,1,0,0,0,0.0,0.0,0.0,0.0
2,0.5,0,2,4,1,0,0,0,0.0,0.0,0.0,0.0
2,0.6,0,2,4,1,0,0,0,0.0,0.0,0.0,0.0
2,0.7,0,2,4,1,1,0,0,0.0,0.0,0.0,0.0
2,0.8,0,2,4,1,1,1,0,1.0,0.0,0.0,130.73305437689854
2,0.9,0,2,4,1,1,1,0,1.0,0.0,0.0,116.20715944613204
2,1.0,0,2,4,1,2,1,0,1.0,0.0,0.0,104.58644350151884
2,1.1,1,2,4,1,2,2,0,1.0,0.0,0.0,167.53466752858202
2,1.2,1,2,4,1,2,2,0,1.0,0.0,0.0,153.5734452345335
2,1.3,1,2,4,1,4,2,0,1.0,0.0,0.0,141.76010329341554
2,1.4,2,2,4,1,4,3,0,1.0,0.0,0.0,194.135632347442
2,1.5,2,2,4,1,4,4,0,1.0,0.0,0.0,181.19325685761254
2,1.6,2,2,4,1,4,4,0,1.0,0.0,0.0,169.86867830401175
2,1.7,2,2,4,1,4,4,0,1.0,0.0,0.0,159.8764031096581
2,1.8,2,2,4,1,4,4,0,1.0,0.0,0.0,150.99438071467708
2,1.9,3,2,4,1,4,4,0,1.0,0.0,0.0,143.04730804548356
2,2.0,3,2,4,1,4,4,0,1.0,0.0,0.0,135.8949426432094
2,2.1,3,2,4,1,4,4,0,1.0,0.0,0.0,129.42375489829465
2,2.2,3,2,4,1,4,4,0,1.0,0.0,0.0,123.54085694837217
2,2.3,3,2,4,1,4,4,0,1.0,0.0,0.0,118.1695153419212
2,2.4,3,2,4,1,4,4,0,1.0,0.0,0.0,113.24578553600782
2,2.5,3,2,4,1,4,4,0,1.0,0.0,0.0,108.7159541145675
2,2.6,3,2,4,1,4,4,0,1.0,0.0,0.0,104.53457126400721
2,2.7,3,2,4,1,4,4,0,1.0,0.0,0.0,100.66292047645138
2,2.8,4,2,4,1,4,4,0,1.0,0.0,0.0,97.06781617372097
2,2.9,4,2,4,1,4,4,0,1.0,0.0,0.0,93.72065009876508
2,3.0,5,2,4,1,4,4,0,1.0,0.0,0.0,90.59662842880624
2,3.1,5,2,4,1,4,4,0,1.0,0.0,0.0,87.67415654400604
2,3.2,5,2,4,1,5,4,0,1.0,0.0,0.0,84.93433915200585
2,3.3,5,2,4,1,5,5,0,1.0,0.0,0.0,107.9363512767604
2,3.4,5,2,4,1,5,5,0,1.0,0.0,0.0,104.76175270979687
2,3.5,5,2,4,1,5,5,0,1.0,0.0,0.0,101.76855977523124
2,3.6,5,2,4,1,6,5,0,1.0,0.0,0.0,98.94165533703037
2,3.7,5,2,4,1,6,6,0,1.0,0.0,0.0,115.72623112731996
2,3.8,5,2,4,1,6,6,0,1.0,0.0,0.0,112.68080399239048
2,3.9,5,2,4,1,6,6,0,1.0,0.0,0.0,109.79155260797022
2,4.0,5,2,4,1,6,6,0,1.0,0.0,0.0,107.04676379277097
2,4.1,5,2,4,1,6,6,0,1.0,0.0,0.0,104.43586711489851
2,4.2,5,2,4,1,6,6,0,1.0,0.0,0.0,101.94929885025809
2,4.3,5,2,4,1,8,6,0,1.0,0.0,0.0,99.57838492350791
2,4.4,5,2,4,1,8,7,0,1.0,0.0,10.85265857435746,103.14149782039122
2,4.5,5,2,4,1,9,8,0,1.0,0.0,10.611488383816184,100.84946453549365
2,4.6,5,2,4,1,9,9,0,1.0,0.0,27.87541524403805,98.65708487167858
2,4.7,5,2,4,1,9,9,0,1.0,0.0,27.28232130267554,96.55799795951522
2,4.8,5,2,4,1,10,9,0,1.0,0.0,26.7139396088698,94.54637300202532
2,4.9,5,2,4,1,10,10,0,1.0,0.0,43.377689738719525,92.61685518565747
2,5.0,5,2,4,1,10,10,0,1.0,0.0,42.51013594394514,90.76451808194432
2,5.1,5,2,4,1,11,10,0,1.0,0.0,41.676603866612886,88.98482164896502
2,5.2,5,2,4,1,11,11,0,1.0,0.0,50.88525639871584,87.27357507879263
2,5.3,5,2,4,1,12,11,0,1.0,0.0,49.925157221381575,85.62690385089088
2,5.4,5,2,4,1,13,12,0,1.0,0.0,49.00061727283748,100.6308806499919
2,5.5,5,2,4,1,13,13,0,1.0,0.0,62.943569686643144,98.80122827453751
2,5.6,5,2,4,1,13,13,0,1.0,0.0,61.81957737081023,97.03692062677791
2,5.7,5,2,4,1,13,13,0,1.0,0.0,60.73502338184865,95.33451851051865
2,5.8,6,2,4,1,13,13,0,1.0,0.0,59.687867806299536,93.69081991550972
2,5.9,6,2,4,1,13,13,0,1.0,0.0,58.67620902992159,92.10283991694176
2,6.0,6,2,4,1,14,13,0,1.0,0.0,57.69827221275623,90.56779258499273
2,6.1,6,2,4,1,14,14,0,1.0,0.0,67.62667000926514,89.08307467376335
2,6.2,6,2,4,1,14,14,0,1.0,0.0,66.53591726718022,87.64625088870265
2,6.3,6,2,4,1,14,14,0,1.0,0.0,65.4797915962726,86.25504055713596
2,6.4,6,2,4,1,15,14,0,1.0,0.0,64.45666985258084,84.9073055484307
2,6.5,6,2,4,1,15,15,0,1.0,0.0,63.46502877792576,98.42983128923053
2,6.6,6,2,4,1,15,15,0,1.0,0.0,62.503437432805676,96.93847020909068
2,6.7,6,2,4,1,15,15,0,1.0,0.0,61.570550306942906,95.49162737014903
2,6.8,6,2,4,1,15,15,0,1.0,0.0,60.66510103772316,94.08733873235273
2,6.9,6,2,4,1,15,15,0,1.0,0.0,59.78589667485761,92.72375411304327
2,7.0,6,2,4,1,15,15,0,1.0,0.0,58.93181243664536,91.39912905428551
2,7.1,6,2,4,1,15,15,0,1.0,0.0,58.10178690936866,90.11181737746459
2,7.2,6,2,4,1,16,15,0,1.0,0.0,57.294817646738544,88.86026435833314
2,7.3,6,2,4,1,16,16,0,1.0,0.0,65.03178827909383,87.64300046301352
2,7.4,6,2,4,1,16,16,0,1.0,0.0,64.15298032937635,86.45863559189172
2,7.5,6,2,4,1,16,16,0,1.0,0.0,63.297607258317996,85.30585378399982
2,7.6,6,2,4,1,17,16,0,1.0,0.0,62.464744004919076,84.18340833947352
2,7.7,6,2,4,1,17,17,0,1.0,0.0,61.653513563296755,93.37969131834863
2,7.8,6,2,4,1,17,17,0,1.0,0.0,60.86308390222885,92.18251578862622
2,7.9,6,2,4,1,18,17,0,1.0,0.0,60.092665118656335,91.0156485001626
2,8.0,6,2,4,1,18,18,0,1.0,0.0,59.34150680467313,100.46631042495414
2,8.1,6,2,4,1,24,18,0,1.0,0.0,58.60889560955371,99.22598560489298
2,8.2,6,2,4,1,26,20,0,1.0,0.0,63.805494139774865,101.54768958513567
2,8.3,6,2,4,1,26,26,0,1.0,0.0,72.96185316032664,100.32422344555572
2,8.4,6,2,4,1,28,26,0,1.0,0.0,72.09325967032275,99.12988745215625
2,8.5,6,2,4,1,28,27,1,0.9642857142857143,0.0,76.3409237717485,97.96365348213088
2,8.6,6,2,4,1,28,27,1,0.9642857142857143,0.0,75.4532386116119,96.82454123233866
2,8.7,6,2,4,1,29,27,1,0.9642857142857143,0.0,74.58596000688073,95.71161547104742
2,8.8,6,2,4,1,29,28,1,0.9655172413793104,0.0,78.75972867602701,94.62398347705825
2,8.9,6,2,4,1,29,28,1,0.9655172413793104,0.0,77.87478790438627,93.56079265147332
2,9.0,6,2,4,1,29,28,1,0.9655172413793104,0.0,77.00951248322642,92.52122828867918
2,9.1,6,2,4,1,30,28,1,0.9655172413793104,0.0,76.16325410428986,91.50451149429809
2,9.2,7,2,4,1,30,28,1,0.9655172413793104,0.0,75.33539264663455,90.50989723892529
2,9.3,7,2,4,1,31,28,1,0.9655172413793104,0.0,74.52533466118686,89.53667253743147
2,9.4,7,2,4,1,31,28,1,0.9655172413793104,0.0,73.7325119520253,96.7143187876223
2,9.5,7,2,4,1,31,30,1,0.967741935483871,0.0,72.95638024726713,95.69627332669997
2,9.6,7,2,4,1,32,30,1,0.967741935483871,0.0,72.19641795302478,94.69943714621351
2,9.7,7,2,4,1,32,31,1,0.96875,0.0,71.45212498443689,102.56223089227328
2,9.8,7,2,4,1,32,31,1,0.96875,0.0,70.72302166826917,101.51567751582151
2,9.9,7,2,4,1,32,31,1,0.96875,0.0,70.00864771202403,100.49026663182332
2,10.0,8,2,4,1,32,31,1,0.96875,0.0,69.30856123490379,99.48536396550509
3,0.1,0,2,4,1,0,0,0,0.0,0.0,0.0,0.0
3,0.2,0,2,4,1,0,0,0,0.0,0.0,0.0,0.0
3,0.3,1,2,4,1,0,0,0,0.0,0.0,0.0,0.0
3,0.4,1,2,4,1,0,0,0,0.0,0.0,0.0,0.0
3,0.5,1,2,4,1,0,0,0,0.0,0.0,0.0,0.0
3,0.6,2,2,4,1,0,0,0,0.0,0.0,0.0,0.0
3,0.7,2,2,4,1,0,0,0,0.0,0.0,0.0,0.0
3,0.8,2,2,4,1,0,0,0,0.0,0.0,0.0,0.0
3,0.9,2,2,4,1,0,0,0,0.0,0.0,0.0,0.0
3,1.0,2,2,4,1,0,0,0,0.0,0.0,0.0,0.0
3,1.1,2,2,4,1,0,0,0,0.0,0.0,0.0,0.0
3,1.2,2,2,4,1,0,0,0,0.0,0.0,0.0,0.0
3,1.3,2,2,4,1,0,0,0,0.0,0.0,0.0,0.0
3,1.4,2,2,4,1,0,0,0,0.0,0.0,0.0,0.0
3,1.5,2,2,4,1,0,0,0,0.0,0.0,0.0,0.0
3,1.6,2,2,4,1,0,0,0,0.0,0.0,0.0,0.0
3,1.7,2,2,4,1,0,0,0,0.0,0.0,0.0,0.0
3,1.8,2,2,4,1,0,0,0,0.0,0.0,0.0,0.0
3,1.9,2,2,4,1,0,0,0,0.0,0.0,0.0,0.0
3,2.0,2,2,4,1,0,0,0,0.0,0.0,0.0,0.0
3,2.1,2,2,4,1,0,0,0,0.0,0.0,0.0,0.0
3,2.2,2,2,4,1,0,0,0,0.0,0.0,0.0,0.0
3,2.3,2,2,4,1,0,0,0,0.0,0.0,0.0,0.0
3,2.4,2,2,4,1,0,0,0,0.0,0.0,0.0,0.0
3,2.5,2,2,4,1,0,0,0,0.0,0.0,0.0,0.0
3,2.6,2,2,4,1,0,0,0,0.0,0.0,0.0,0.0
3,2.7,2,2,4,1,0,0,0,0.0,0.0,0.0,0.0
3,2.8,2,2,4,1,0,0,0,0.0,0.0,0.0,0.0
3,2.9,2,2,4,1,0,0,0,0.0,0.0,0.0,0.0
3,3.0,3,2,4,1,0,0,0,0.0,0.0,0.0,0.0
3,3.1,3,2,4,1,0,0,0,0.0,0.0,0.0,0.0
3,3.2,3,2,4,1,0,0,0,0.0,0.0,0.0,0.0
3,3.3,3,2,4,1,0,0,0,0.0,0.0,0.0,0.0
3,3.4,3,2,4,1,0,0,0,0.0,0.0,0.0,0.0
3,3.5,3,2,4,1,0,0,0,0.0,0.0,0.0,0.0
3,3.6,3,2,4,1,1,0,0,0.0,0.0,0.0,0.0
3,3.7,3,2,4,1,1,0,0,0.0,0.0,0.0,0.0
3,3.8,3,2,4,1,1,0,0,0.0,0.0,0.0,0.0
3,3.9,3,2,4,1,1,1,0,1.0,0.0,0.0,0.0
3,4.0,3,2,4,1,1,1,0,1.0,0.0,0.0,0.0
3,4.1,4,2,4,1,1,1,0,1.0,0.0,0.0,0.0
3,4.2,4,2,4,1,1,1,0,1.0,0.0,0.0,0.0
3,4.3,4,2,4,1,1,1,0,1.0,0.0,0.0,0.0
3,4.4,4,2,4,1,2,1,0,1.0,0.0,0.0,0.0
3,4.5,4,2,4,1,3,1,0,1.0,14.916581733823161,0.0,0.0
3,4.6,4,2,4,1,3,2,0,1.0,14.592308217870485,0.0,0.0
3,4.7,4,2,4,1,3,3,0,1.0,14.281833574937071,0.0,0.0
3,4.8,4,2,4,1,3,3,0,1.0,13.984295375459217,0.0,0.0
3,4.9,4,2,4,1,3,3,0,1.0,13.698901592286582,0.0,0.0
3,5.0,4,2,4,1,4,3,0,1.0,13.42492356044085,0.0,0.0
3,5.1,4,2,4,1,4,4,0,1.0,13.161689765138089,16.022640840189982,0.0
3,5.2,4,2,4,1,4,4,0,1.0,12.908580346577741,15.714513131724791,0.0
3,5.3,4,2,4,1,4,4,0,1.0,12.665022226830994,15.4180128839564,0.0
3,5.4,4,2,4,1,4,4,0,1.0,12.430484778185976,15.132494126846098,0.0
3,5.5,4,2,4,1,4,4,0,1.0,12.20447596403714,14.85735786999435,0.0
3,5.6,4,2,4,1,4,4,0,1.0,11.986538893250763,14.592047908030167,0.0
3,5.7,4,2,4,1,4,4,0,1.0,11.776248737228821,14.336047067538411,0.0
3,5.8,4,2,4,1,4,4,0,1.0,11.57320996589729,14.088873842236024,0.0
3,5.9,4,2,4,1,4,4,0,1.0,11.377053864780388,13.85007937033372,0.0
3,6.0,4,2,4,1,4,4,0,1.0,11.18743630036738,13.619244714161491,0.0
3,6.1,5,2,4,1,4,4,0,1.0,11.004035705279392,13.39597840737196,0.0
3,6.2,5,2,4,1,5,4,0,1.0,10.826551258420047,13.179914239511122,0.0
3,6.3,5,2,4,1,5,4,0,1.0,21.120141574524606,12.970709251582376,0.0
3,6.4,5,2,4,1,5,4,0,1.0,20.79013936242266,12.7680419195264,0.0
3,6.5,5,2,4,1,5,5,0,1.0,20.470291064539236,12.57161050537984,0.0
3,6.6,5,2,4,1,5,5,0,1.0,20.160135139318946,12.381131558328631,0.0
3,6.7,5,2,4,1,5,5,0,1.0,19.859237599926125,12.19633854999537,0.0
3,6.8,5,2,4,1,5,5,0,1.0,19.567189988162507,12.016980630142497,0.0
3,6.9,5,2,4,1,5,5,0,1.0,19.28360752456595,11.842821490575215,0.0
3,7.0,5,2,4,1,5,5,0,1.0,19.008127417072153,11.67363832642414,0.0
3,7.1,5,2,4,1,5,5,0,1.0,18.740407312606347,11.509220885206899,0.0
3,7.2,5,2,4,1,5,5,0,1.0,18.480123877709037,11.349370595134582,0.0
3,7.3,5,2,4,1,5,5,0,1.0,18.226971495822614,11.193899765064245,0.0
3,7.4,5,2,4,1,5,5,0,1.0,17.98066107020339,11.042630849320133,0.0
3,7.5,5,2,4,1,5,5,0,1.0,17.740918922600677,10.895395771329198,0.0
3,7.6,5,2,4,1,6,5,0,1.0,17.50748577888225,10.752035300653816,0.0
3,7.7,5,2,4,1,6,5,0,1.0,25.45812741844513,10.612398478567403,0.0
3,7.8,5,2,4,1,6,6,0,1.0,25.131741169490706,10.476342087816539,0.0
3,7.9,5,2,4,1,6,6,0,1.0,24.813617863547787,10.343730162654305,0.0
3,8.0,5,2,4,1,6,6,0,1.0,24.50344764025344,10.214433535621126,0.0
3,8.1,5,2,4,1,9,6,0,1.0,24.20093594099105,10.088329417897409,0.0
3,8.2,5,2,4,1,9,9,0,1.0,26.636331323401738,12.568040068941151,0.0
3,8.3,5,2,4,1,9,9,0,1.0,26.31541166890292,12.416617899435836,0.0
3,8.4,5,2,4,1,10,9,0,1.0,26.00213295855884,12.268801019680648,0.0
3,8.5,5,2,4,1,10,9,0,1.0,25.69622551198756,12.124462184154993,0.0
3,8.6,5,2,4,1,10,9,0,1.0,25.39743219208073,11.983480065734586,0.0
3,8.7,6,2,4,1,10,9,0,1.0,25.10550768412578,11.84573891555373,0.0
3,8.8,6,2,4,1,10,9,0,1.0,24.820217824078895,11.7111282460588,0.0
3,8.9,6,2,4,1,10,9,0,1.0,24.54133897212295,11.579542535428926,0.0
3,9.0,6,2,4,1,10,9,0,1.0,24.268657427988252,11.450880951701938,0.0
3,9.1,6,2,4,1,10,9,0,1.0,24.001968884823548,11.32504709508983,0.0
3,9.2,6,2,4,1,10,9,0,1.0,23.741077918684162,11.201948757099723,0.0
3,9.3,6,2,4,1,10,9,0,1.0,23.485797510956374,11.081497695195425,0.0
3,9.4,6,2,4,1,10,9,1,0.9,23.23594860126535,10.963609421842284,0.0
3,9.5,6,2,4,1,10,9,1,0.9,22.991359668620454,10.848203006875522,0.0
3,9.6,6,2,4,1,10,9,1,0.9,22.75186633873899,10.735200892220568,0.0
3,9.7,6,2,4,1,11,9,1,0.9,22.517311015659207,10.624528718073966,0.0
3,9.8,6,2,4,1,11,9,1,0.9,28.06053904671459,10.516115159726272,0.0
3,9.9,6,2,4,1,11,10,1,0.9090909090909091,27.77709925836394,10.409891774274492,0.0
3,10.0,6,2,4,1,11,10,1,0.9090909090909091,27.4993282657803,10.305792856531747,0.0
4,0.1,0,2,4,1,0,0,0,0.0,0.0,0.0,0.0
4,0.2,0,2,4,1,0,0,0,0.0,0.0,0.0,0.0
4,0.3,0,2,4,1,0,0,0,0.0,0.0,0.0,0.0
4,0.4,0,2,4,1,0,0,0,0.0,0.0,0.0,0.0
4,0.5,0,2,4,1,0,0,0,0.0,0.0,0.0,0.0
4,0.6,1,2,4,1,0,0,0,0.0,0.0,0.0,0.0
4,0.7,1,2,4,1,0,0,0,0.0,0.0,0.0,0.0
4,0.8,2,2,4,1,0,0,0,0.0,0.0,0.0,0.0
4,0.9,2,2,4,1,0,0,0,0.0,0.0,0.0,0.0
4,1.0,2,2,4,1,0,0,0,0.0,0.0,0.0,0.0
4,1.1,2,2,4,1,0,0,0,0.0,0.0,0.0,0.0
4,1.2,2,2,4,1,0,0,0,0.0,0.0,0.0,0.0
4,1.3,2,2,4,1,0,0,0,0.0,0.0,0.0,0.0
4,1.4,2,2,4,1,0,0,0,0.0,0.0,0.0,0.0
4,1.5,2,2,4,1,0,0,0,0.0,0.0,0.0,0.0
4,1.6,2,2,4,1,0,0,0,0.0,0.0,0.0,0.0
4,1.7,2,2,4,1,0,0,0,0.0,0.0,0.0,0.0
4,1.8,2,2,4,1,0,0,0,0.0,0.0,0.0,0.0
4,1.9,2,2,4,1,0,0,0,0.0,0.0,0.0,0.0
4,2.0,2,2,4,1,0,0,0,0.0,0.0,0.0,0.0
4,2.1,2,2,4,1,0,0,0,0.0,0.0,0.0,0.0
4,2.2,2,2,4,1,0,0,0,0.0,0.0,0.0,0.0
4,2.3,2,2,4,1,1,0,0,0.0,0.0,0.0,0.0
4,2.4,2,2,4,1,1,1,0,1.0,0.0,0.0,0.0
4,2.5,2,2,4,1,1,1,0,1.0,0.0,0.0,0.0
4,2.6,2,2,4,1,1,1,0,1.0,0.0,0.0,0.0
4,2.7,2,2,4,1,1,1,0,1.0,0.0,0.0,0.0
4,2.8,2,2,4,1,1,1,0,1.0,0.0,0.0,0.0
4,2.9,2,2,4,1,1,1,0,1.0,0.0,0.0,0.0
4,3.0,3,2,4,1,1,1,0,1.0,0.0,0.0,0.0
4,3.1,3,2,4,1,1,1,0,1.0,0.0,0.0,0.0
4,3.2,3,2,4,1,1,1,0,1.0,0.0,0.0,0.0
4,3.3,3,2,4,1,1,1,0,1.0,0.0,0.0,0.0
4,3.4,4,2,4,1,1,1,0,1.0,0.0,0.0,0.0
4,3.5,4,2,4,1,1,1,0,1.0,0.0,0.0,0.0
4,3.6,4,2,4,1,3,1,0,1.0,0.0,0.0,0.0
4,3.7,4,2,4,1,3,1,0,1.0,0.0,0.0,0.0
4,3.8,4,2,4,1,3,2,0,1.0,0.0,0.0,0.0
4,3.9,4,2,4,1,3,3,0,1.0,0.0,0.0,0.0
4,4.0,4,2,4,1,3,3,0,1.0,0.0,0.0,0.0
4,4.1,4,2,4,1,3,3,0,1.0,0.0,0.0,0.0
4,4.2,4,2,4,1,3,3,0,1.0,0.0,0.0,0.0
4,4.3,4,2,4,1,3,3,0,1.0,0.0,0.0,0.0
4,4.4,4,2,4,1,4,3,0,1.0,0.0,0.0,0.0
4,4.5,4,2,4,1,4,4,0,1.0,0.0,23.320559982068655,0.0
4,4.6,4,2,4,1,4,4,0,1.0,0.0,22.813591286806297,0.0
4,4.7,4,2,4,1,4,4,0,1.0,0.0,22.328195727512547,0.0
4,4.8,4,2,4,1,4,4,0,1.0,0.0,21.86302498318937,0.0
4,4.9,4,2,4,1,4,4,0,1.0,0.0,21.416840799858974,0.0
4,5.0,4,2,4,1,5,4,0,1.0,0.0,20.988503983861797,0.0
4,5.1,4,2,4,1,5,5,0,1.0,0.0,40.62604834270679,0.0
4,5.2,4,2,4,1,6,5,0,1.0,0.0,39.844778182270126,0.0
4,5.3,5,2,4,1,6,6,0,1.0,0.0,57.63026619507213,0.0
4,5.4,5,2,4,1,6,6,0,1.0,0.0,56.56303904331154,0.0
4,5.5,5,2,4,1,6,6,0,1.0,0.0,55.53462015161497,0.0
4,5.6,5,2,4,1,6,6,0,1.0,0.0,54.54293050605042,0.0
4,5.7,6,2,4,1,6,6,0,1.0,0.0,53.586036988400416,0.0
4,5.8,6,2,4,1,6,6,0,1.0,0.0,52.66213979894524,0.0
4,5.9,6,2,4,1,6,6,0,1.0,0.0,51.76956115828515,0.0
4,6.0,6,2,4,1,6,6,0,1.0,0.0,50.9067351389804,0.0
4,6.1,6,2,4,1,6,6,0,1.0,0.0,50.072198497357775,0.0
4,6.2,6,2,4,1,6,6,0,1.0,0.0,49.264582392561685,0.0
4,6.3,6,2,4,1,6,6,0,1.0,0.0,48.482604894267055,0.0
4,6.4,6,2,4,1,6,6,0,1.0,0.0,47.725064192794136,0.0
4,6.5,7,2,4,1,7,6,0,1.0,0.0,46.99083243598192,0.0
4,6.6,7,2,4,1,7,6,0,1.0,7.399859273147598,46.27885012634583,0.0
4,6.7,7,2,4,1,8,7,0,1.0,7.289413612354351,45.58812101998246,0.0
4,6.8,7,2,4,1,8,7,0,1.0,7.18221635334914,44.91770747557096,0.0
4,6.9,7,2,4,1,9,8,0,1.0,7.078126261271616,44.26672620780906,0.0
4,7.0,7,2,4,1,9,8,0,1.0,6.97701017182488,43.63434440484036,0.0
4,7.1,7,2,4,1,9,8,0,1.0,6.878742422925938,43.019776173786276,0.0
4,7.2,7,2,4,1,9,9,0,1.0,6.783204333718633,42.422279282483686,0.0
4,7.3,7,2,4,1,10,9,0,1.0,6.6902837264074195,41.84115216902501,0.0
4,7.4,7,2,4,1,10,9,0,1.0,6.599874486861373,41.27573119376792,0.0
4,7.5,7,2,4,1,10,10,0,1.0,6.511876160369888,40.725388111184344,0.0
4,7.6,7,2,4,1,10,10,0,1.0,6.42619357931239,40.18952774130034,0.0
4,7.7,7,2,4,1,11,10,0,1.0,6.342736519840801,39.667585822582154,0.0
4,7.8,7,2,4,1,11,11,0,1.0,6.261419384971047,46.400743178226605,0.0
4,7.9,7,2,4,1,12,11,0,1.0,6.182160911743566,45.813391998755385,0.0
4,8.0,7,2,4,1,12,11,1,0.9166666666666666,6.104883900346771,45.240724598770946,0.0
4,8.1,7,2,4,1,17,11,1,0.9166666666666666,6.029514963305453,44.68219713458859,0.0
4,8.2,7,2,4,1,20,11,1,0.9166666666666666,7.622367487463327,45.71330619962565,0.0
4,8.3,7,2,4,1,20,12,1,0.9230769230769231,12.172392245269508,45.162543474328956,0.0
4,8.4,7,2,4,1,21,14,1,0.9333333333333333,12.027482813778205,44.624894147253606,0.0
4,8.5,7,2,4,1,21,15,1,0.9375,11.88598301596905,44.09989539258004,0.0
4,8.6,7,2,4,1,22,16,1,0.9411764705882353,11.747773911132201,43.58710591127097,0.0
4,8.7,7,2,4,1,22,17,1,0.9444444444444444,11.612742027096198,43.08610469390004,0.0
4,8.8,7,2,4,1,22,18,1,0.9473684210526315,11.48077904951556,42.59648986783299,0.0
4,8.9,7,2,4,1,22,20,1,0.9523809523809523,11.351781532105273,42.117877622127004,0.0
4,9.0,7,2,4,1,22,20,1,0.9523809523809523,11.225650626192992,41.64990120410337,0.0
4,9.1,7,2,4,1,23,21,1,0.9545454545454546,11.10229182810296,41.19220998208026,0.0
4,9.2,7,2,4,1,23,21,1,0.9545454545454546,10.981614743014886,40.744468569231564,0.0
4,9.3,7,2,4,1,23,21,1,0.9545454545454546,10.863532864057735,40.30635600397101,0.0
4,9.4,7,2,4,1,23,22,1,0.9565217391304348,10.74796336550393,39.87756498265217,0.0
4,9.5,8,2,4,1,23,22,1,0.9565217391304348,10.634826909024941,39.457801140729515,0.0
4,9.6,8,2,4,1,23,22,1,0.9565217391304348,10.524047462055933,39.04678237884692,0.0
4,9.7,8,2,4,1,23,22,1,0.9565217391304348,10.415552127395562,38.644238230611386,0.0
4,9.8,8,2,4,1,23,22,1,0.9565217391304348,10.309270983238465,38.249909269074536,0.0
4,9.9,8,2,4,1,24,22,1,0.9565217391304348,10.205136932902722,37.86354654918489,0.0
4,10.0,8,2,4,1,25,23,1,0.9583333333333334,10.103085563573696,45.930875011463165,0.0
