path,module,size_bytes,sha256,imported_by_count,current_imported_by_count,test_file_count,proposed_action,proposed_target,rollback_path
code/scripts/analyze_r5_module_confirmation.py,scripts.analyze_r5_module_confirmation,12464,e924171555d1ec9dc46130ffbe225f9d2f2e4da0efb4c344419bd16ffd8a70eb,0,0,1,keep_in_place_logical_archive,,code/scripts/analyze_r5_module_confirmation.py
code/scripts/analyze_r5_multi_seed.py,scripts.analyze_r5_multi_seed,4229,44a687dc4b3fc4de6f0b6af26e31cef7eb2d206068511cc227d52d6b8b61f364,1,0,1,keep_in_place_logical_archive,,code/scripts/analyze_r5_multi_seed.py
code/scripts/analyze_r6_10k_gate.py,scripts.analyze_r6_10k_gate,3226,993b634e5a5ebb92060fc7b4249202b4e2cfa27ba7400f8fbba03cde1f52880b,1,0,1,keep_in_place_logical_archive,,code/scripts/analyze_r6_10k_gate.py
code/scripts/analyze_v11_coupled_token_policy.py,scripts.analyze_v11_coupled_token_policy,13961,0a5663de653be4834c28e1d8299bff2dd1125a88706202b2c8f004956d8419aa,1,0,1,keep_in_place_logical_archive,,code/scripts/analyze_v11_coupled_token_policy.py
code/scripts/analyze_v11_discrete_policy.py,scripts.analyze_v11_discrete_policy,4898,2bd2484431eb1047c08e301cfbf19cb9c686784b102d0a7441801e03abfe6ee5,0,0,0,keep_in_place_logical_archive,,code/scripts/analyze_v11_discrete_policy.py
code/scripts/analyze_v11_policy_action_proxy.py,scripts.analyze_v11_policy_action_proxy,31444,75ba5eb2b62864f23c99fdd5be7b6d8aee7ab1c1c07c845cbe8c73a0c2c5b8c0,1,0,1,keep_in_place_logical_archive,,code/scripts/analyze_v11_policy_action_proxy.py
code/scripts/analyze_v11_strategy_selector.py,scripts.analyze_v11_strategy_selector,8305,9902e5a5792936a3c580af47735a82b8787de52eb818ec27c0150ac70c5b4e21,1,0,1,keep_in_place_logical_archive,,code/scripts/analyze_v11_strategy_selector.py
code/scripts/analyze_v8_active_rate_errors.py,scripts.analyze_v8_active_rate_errors,22446,6192bd7fcc91c33b28ae6a84b8bc32509fed3b146bdfd0beefb5ecce6fc2e8a2,2,0,1,keep_in_place_logical_archive,,code/scripts/analyze_v8_active_rate_errors.py
code/scripts/audit_v11_candidate_benefit_identifiability.py,scripts.audit_v11_candidate_benefit_identifiability,30224,e61f54fb000c96acc52d208bc8f56e6dcf863dd18da8368e6122af6a0171acd0,0,0,0,keep_in_place_logical_archive,,code/scripts/audit_v11_candidate_benefit_identifiability.py
code/scripts/audit_v11_crossfit_candidate_shift.py,scripts.audit_v11_crossfit_candidate_shift,9193,efac3c552b13462acd020012ef14ef87ff5f7c9ae3c978d72ccf43a3828d1c7f,1,0,1,keep_in_place_logical_archive,,code/scripts/audit_v11_crossfit_candidate_shift.py
code/scripts/audit_v11_foundation_phase0_2.py,scripts.audit_v11_foundation_phase0_2,27846,d952111ca6e23be771cf33e826def7e792c82768f085ca737e561f93f95ef0b8,1,0,1,keep_in_place_logical_archive,,code/scripts/audit_v11_foundation_phase0_2.py
code/scripts/audit_v11_gpu_handoff.py,scripts.audit_v11_gpu_handoff,16631,3544c1dfbe11ffc078d22b6d3e6733427f7fbb16391f9fe64d8e81b1acf750fc,1,0,1,keep_in_place_logical_archive,,code/scripts/audit_v11_gpu_handoff.py
code/scripts/audit_v11_selector_physical_safety.py,scripts.audit_v11_selector_physical_safety,5422,b6cf3f36a8eaac4f6c7222e7aae8398fa5d36512bb54cfcd0a183786bfd0cb45,1,0,1,keep_in_place_logical_archive,,code/scripts/audit_v11_selector_physical_safety.py
code/scripts/diagnose_v11_adaptive_candidate_oracle.py,scripts.diagnose_v11_adaptive_candidate_oracle,22123,7295377b614a95fb5e214576c20073ca6330faa497edad0c92c7e182168ab606,2,0,1,keep_in_place_logical_archive,,code/scripts/diagnose_v11_adaptive_candidate_oracle.py
code/scripts/diagnose_v11_bridge_operating_point.py,scripts.diagnose_v11_bridge_operating_point,21633,d10b20bfe7d1735b801e15aeba8402c9e43500f43dd0056933c3db66c6b0e07f,7,0,1,keep_in_place_logical_archive,,code/scripts/diagnose_v11_bridge_operating_point.py
code/scripts/diagnose_v11_candidate_subgroups.py,scripts.diagnose_v11_candidate_subgroups,22402,8d7bc81720254df61142669ac3d631bd60adf9c294b0d509403da9da9e2b48c1,1,0,1,keep_in_place_logical_archive,,code/scripts/diagnose_v11_candidate_subgroups.py
code/scripts/diagnose_v11_counterfactual_value_attribution.py,scripts.diagnose_v11_counterfactual_value_attribution,16422,1341ab70e60912944016b8686d8401bcbccffb5258f9111022c3d23d61ccd936,23,0,1,keep_in_place_logical_archive,,code/scripts/diagnose_v11_counterfactual_value_attribution.py
code/scripts/diagnose_v11_rb_total_conditional_scale.py,scripts.diagnose_v11_rb_total_conditional_scale,12343,055858abd3186b171b7437e9ff22b8689ad136040f72618a37579add193962e3,2,0,1,keep_in_place_logical_archive,,code/scripts/diagnose_v11_rb_total_conditional_scale.py
code/scripts/diagnose_v11_rb_total_group_calibration.py,scripts.diagnose_v11_rb_total_group_calibration,8422,59680f511319b3ec22216bad8a7a3cba783d9b702fdb41bf7d75e82cfb4c32c5,0,0,0,keep_in_place_logical_archive,,code/scripts/diagnose_v11_rb_total_group_calibration.py
code/scripts/diagnose_v11_rb_total_latent_identifiability.py,scripts.diagnose_v11_rb_total_latent_identifiability,25124,ff13bf5c33af06b4467e5888e78c8bdbef50dd7bfb3c876254489d3fde1aa3f4,13,0,1,keep_in_place_logical_archive,,code/scripts/diagnose_v11_rb_total_latent_identifiability.py
code/scripts/diagnose_v11_rb_total_oracle_value_scope.py,scripts.diagnose_v11_rb_total_oracle_value_scope,20291,8155eaaa72818986cf593e7dd0ff98821307cf5d7cf498c89b8a2afa35b985d7,13,0,0,keep_in_place_logical_archive,,code/scripts/diagnose_v11_rb_total_oracle_value_scope.py
code/scripts/diagnose_v11_rb_total_risk_controlled_scale.py,scripts.diagnose_v11_rb_total_risk_controlled_scale,11559,e5dca7626d56d31ec33ab9c48e9f72f13ce8841b868cb0d5da760d9f8343f595,1,0,1,keep_in_place_logical_archive,,code/scripts/diagnose_v11_rb_total_risk_controlled_scale.py
code/scripts/diagnose_v11_rb_total_tree_identifiability.py,scripts.diagnose_v11_rb_total_tree_identifiability,12888,0befddb3aa34867f324926f8122fcdb108711165059a026939e1770a40926e7a,0,0,0,keep_in_place_logical_archive,,code/scripts/diagnose_v11_rb_total_tree_identifiability.py
code/scripts/diagnose_v11_rb_total_value_reconstruction.py,scripts.diagnose_v11_rb_total_value_reconstruction,54193,54e25df0161e6bb2384159c5006c718a9a6531623a3c744d2b6e86eeee8c484f,2,0,1,keep_in_place_logical_archive,,code/scripts/diagnose_v11_rb_total_value_reconstruction.py
code/scripts/diagnose_v11_repair_benefit_shortlist.py,scripts.diagnose_v11_repair_benefit_shortlist,27680,1bf55053cead84d30ae795c7e1b51c5b03b3443adaa9dcbf15fb9bc22535f81b,2,0,1,keep_in_place_logical_archive,,code/scripts/diagnose_v11_repair_benefit_shortlist.py
code/scripts/diagnose_v11_scheduler_pattern_generation.py,scripts.diagnose_v11_scheduler_pattern_generation,20003,8df202c2909c3d8c9f41548f0729968bdf19b8e0eaa90b569cdc7c9d60b31dc2,1,0,1,keep_in_place_logical_archive,,code/scripts/diagnose_v11_scheduler_pattern_generation.py
code/scripts/diagnose_v11_scheduler_ranked_allocation.py,scripts.diagnose_v11_scheduler_ranked_allocation,34309,6ddb39ca75c4208e5e0077057f6a2c8bde6cb3bb296d192f44a9d267b87bd980,10,0,1,keep_in_place_logical_archive,,code/scripts/diagnose_v11_scheduler_ranked_allocation.py
code/scripts/diagnose_v11_value_calibrator_drift.py,scripts.diagnose_v11_value_calibrator_drift,13400,8085967eb9e1d56c7dff8c5fea8cafb879cc2bf413d18f7d654130e5473b717f,1,0,1,keep_in_place_logical_archive,,code/scripts/diagnose_v11_value_calibrator_drift.py
code/scripts/diagnose_v11_value_gap_audit.py,scripts.diagnose_v11_value_gap_audit,11828,2aa315406d861c8f7aa8f00fd218451c49cf985c6255107d156c20bf4cb1c4b8,1,0,1,keep_in_place_logical_archive,,code/scripts/diagnose_v11_value_gap_audit.py
code/scripts/diagnose_v11_world_model_trust_phase2.py,scripts.diagnose_v11_world_model_trust_phase2,14146,f805e9449175df07081d143987d2322766f192b9a81a6722170ece8be606df5a,1,0,1,keep_in_place_logical_archive,,code/scripts/diagnose_v11_world_model_trust_phase2.py
code/scripts/evaluate_v10_policy_bridge.py,scripts.evaluate_v10_policy_bridge,87765,f808000aecff2ec079b1cfbf5a590c005ad89335bd71f8283b48267b3fd3b24e,15,0,2,keep_in_place_logical_archive,,code/scripts/evaluate_v10_policy_bridge.py
code/scripts/evaluate_v11_adaptive_bridge.py,scripts.evaluate_v11_adaptive_bridge,11071,f2e8cd1d50ad20ae4369f05236c85a1d4a45c54a1a100d80d0201675d4fec2b4,10,0,1,keep_in_place_logical_archive,,code/scripts/evaluate_v11_adaptive_bridge.py
code/scripts/evaluate_v11_frozen_selector.py,scripts.evaluate_v11_frozen_selector,21871,f137601d5ef7ea4f0597d43c198e64758e5253b048ca8ad88ca640e326ed28b2,2,0,1,keep_in_place_logical_archive,,code/scripts/evaluate_v11_frozen_selector.py
code/scripts/evaluate_v9_action_ablation.py,scripts.evaluate_v9_action_ablation,9241,e16f05eaa0487e0b063692c35021bc4755cf0b12872bd33619956d342e4ed5e4,14,0,1,keep_in_place_logical_archive,,code/scripts/evaluate_v9_action_ablation.py
code/scripts/evaluate_v9_hurdle_gate_calibration.py,scripts.evaluate_v9_hurdle_gate_calibration,25688,f25b1dd5c7d0d8f5774cc20c6348f711466001a1a0989fae0a6c11f8ca3c83d7,1,0,1,keep_in_place_logical_archive,,code/scripts/evaluate_v9_hurdle_gate_calibration.py
code/scripts/evaluate_v9_hybrid_activity_rate.py,scripts.evaluate_v9_hybrid_activity_rate,9424,f3b6f9fcb50fecb15da7054e983c00833db326c1e60c319c09802d8b787c0807,0,0,0,keep_in_place_logical_archive,,code/scripts/evaluate_v9_hybrid_activity_rate.py
code/scripts/finalize_v11_selector_report.py,scripts.finalize_v11_selector_report,6318,870b8ee6404d4cd0d3ada3834fcaae46e38341242a0af5222965209ee65342af,1,0,1,keep_in_place_logical_archive,,code/scripts/finalize_v11_selector_report.py
code/scripts/launch_r6_gpu_training_matrix.py,scripts.launch_r6_gpu_training_matrix,9317,4a8e45dc18de159e5b6f04bebe572be22e796f9da2da1096984bd0c652f60965,1,0,2,keep_in_place_logical_archive,,code/scripts/launch_r6_gpu_training_matrix.py
code/scripts/merge_v11_selector_crossfit_labels.py,scripts.merge_v11_selector_crossfit_labels,5026,b5da639cd3b292b62a58e446dbeca655ccf339f4d12a634b48dd326bb5cbbdff,1,0,1,keep_in_place_logical_archive,,code/scripts/merge_v11_selector_crossfit_labels.py
code/scripts/sweep_v11_adaptive_bridge_gate.py,scripts.sweep_v11_adaptive_bridge_gate,15349,b997e2aa7d4572553a2af79f63e639f791a9676e975b6b90eb9839bd39b207f5,2,0,0,keep_in_place_logical_archive,,code/scripts/sweep_v11_adaptive_bridge_gate.py
code/scripts/sweep_v11_bridge_calibration.py,scripts.sweep_v11_bridge_calibration,12488,4c82a5a5607b17eb992f607845268799696982004ef7e8499e0968b92caac13a,1,0,1,keep_in_place_logical_archive,,code/scripts/sweep_v11_bridge_calibration.py
code/scripts/sweep_v11_rb_shrink_bridge.py,scripts.sweep_v11_rb_shrink_bridge,13482,17b7531afc43041b6bf5bfcb0e731edddfd46fe934cc3b92fd64529d5bba5e80,1,0,1,keep_in_place_logical_archive,,code/scripts/sweep_v11_rb_shrink_bridge.py
code/scripts/train_v11_candidate_set_selector.py,scripts.train_v11_candidate_set_selector,35614,4179b1afaa40921e2d34619106105b8a44bebc4ca4e76caa10aee2f83794687d,6,0,1,keep_in_place_logical_archive,,code/scripts/train_v11_candidate_set_selector.py
code/scripts/train_v11_interaction_selector.py,scripts.train_v11_interaction_selector,14975,556bce5d189d54e2bfdb465184bd3d4e26ad3c97228f0dba340c151ba214c94f,0,0,0,keep_in_place_logical_archive,,code/scripts/train_v11_interaction_selector.py
code/scripts/train_v11_objective_aligned_selector.py,scripts.train_v11_objective_aligned_selector,40759,6eb64c827b17adf42d8598bdbc6d95c99488a0e67b35dd40c359f807b016d041,1,0,1,keep_in_place_logical_archive,,code/scripts/train_v11_objective_aligned_selector.py
code/scripts/train_v11_phase_selector.py,scripts.train_v11_phase_selector,9554,497e856440d22d3875c1256347374e5316573652b6cbc1f630656138f98898fb,0,0,0,keep_in_place_logical_archive,,code/scripts/train_v11_phase_selector.py
code/src/pi_jwm/r3_checkpoint.py,pi_jwm.r3_checkpoint,4194,ffa83f3bffa0949dc0c269b818864abb6a21d397a5e9610a9e7f554b1a239c12,2,0,1,keep_in_place_logical_archive,,code/src/pi_jwm/r3_checkpoint.py
code/src/pi_jwm/r3_objective.py,pi_jwm.r3_objective,8603,0b92851b42a24fa290bbe386ee7e90ef08362dbe4a4b445e39d0631545c18a5c,2,0,1,keep_in_place_logical_archive,,code/src/pi_jwm/r3_objective.py
code/src/pi_jwm/r3_preflight_data.py,pi_jwm.r3_preflight_data,27509,0f232b93771fbc2b86e226be9914c087d532cd3ee365aad20e989f6a32fc0fad,14,0,4,keep_in_place_logical_archive,,code/src/pi_jwm/r3_preflight_data.py
code/src/pi_jwm/r3_world_model.py,pi_jwm.r3_world_model,22883,eb3bf63dd4586482be3d9d1aff1255f6d435f7ad9774226f4a7bb5d785deb4cb,5,0,4,keep_in_place_logical_archive,,code/src/pi_jwm/r3_world_model.py
code/src/pi_jwm/r4_checkpoint.py,pi_jwm.r4_checkpoint,5244,dc1c0c990032cb65bd26a7689e45a5d6c0ed7fb8fdee7847a12dc657e623af8e,3,0,1,keep_in_place_logical_archive,,code/src/pi_jwm/r4_checkpoint.py
code/src/pi_jwm/r4_gpu_screening.py,pi_jwm.r4_gpu_screening,21681,1729633218cde5f3756b2669733d8950ae3889f99cf02fda3b60c5b15c625409,9,0,2,keep_in_place_logical_archive,,code/src/pi_jwm/r4_gpu_screening.py
code/src/pi_jwm/r4_module_registry.py,pi_jwm.r4_module_registry,11845,148a89be0373917778fb2a323a6fc4acfd295e61c0eb74dcce912c78594018d4,13,0,11,keep_in_place_logical_archive,,code/src/pi_jwm/r4_module_registry.py
code/src/pi_jwm/r4_objective.py,pi_jwm.r4_objective,13144,8e2daaa2e13f774ebf25011f396c01ea7f596e212805b00356fa95d554d8b148,11,0,6,keep_in_place_logical_archive,,code/src/pi_jwm/r4_objective.py
code/src/pi_jwm/r4_world_model.py,pi_jwm.r4_world_model,42422,2dfa364ea69cefde0a0cad973765951517a838aadfb332672b6ad951cf840dc8,12,0,10,keep_in_place_logical_archive,,code/src/pi_jwm/r4_world_model.py
code/src/pi_jwm/r5_analysis.py,pi_jwm.r5_analysis,21249,c7ef150596fee58fedea62bcb495fe7e28eb0568d3b9677f7a00a4a2478ec926,6,0,2,keep_in_place_logical_archive,,code/src/pi_jwm/r5_analysis.py
code/src/pi_jwm/r5_checkpoint.py,pi_jwm.r5_checkpoint,6700,e82bf0ae1427c47ad5485bd17effb52903a6acba65e1b0d41a4248a031dca20a,6,0,1,keep_in_place_logical_archive,,code/src/pi_jwm/r5_checkpoint.py
code/src/pi_jwm/r5_confirmation_analysis.py,pi_jwm.r5_confirmation_analysis,28013,72690ade69f44264009f368ba83bb653ed94e27342912a535cc7314ad30ec41d,2,0,1,keep_in_place_logical_archive,,code/src/pi_jwm/r5_confirmation_analysis.py
code/src/pi_jwm/r5_confirmation_checkpoint.py,pi_jwm.r5_confirmation_checkpoint,7230,9f6c2891b636eb034719fd37d2e341c6f1e9d99f4ec5b0ab5befcb11ecc556e1,4,0,2,keep_in_place_logical_archive,,code/src/pi_jwm/r5_confirmation_checkpoint.py
code/src/pi_jwm/r5_legacy_control.py,pi_jwm.r5_legacy_control,3913,3ce5c459cae0bddfaa7f6d6db8c75362d5142a292611ebb900d531de37417672,1,0,1,keep_in_place_logical_archive,,code/src/pi_jwm/r5_legacy_control.py
code/src/pi_jwm/r5_module_confirmation.py,pi_jwm.r5_module_confirmation,10236,ed70c76ddc9b514dec259c3623d2ebd28705780a7cc2fb2b34b67eba1f0d7a2b,7,0,4,keep_in_place_logical_archive,,code/src/pi_jwm/r5_module_confirmation.py
code/src/pi_jwm/r5_protocol.py,pi_jwm.r5_protocol,5928,4617171d51650aee8de877a60dc37a6815c8279b6e443f2ee93b3ef8ed58b6b4,11,0,5,keep_in_place_logical_archive,,code/src/pi_jwm/r5_protocol.py
code/src/pi_jwm/r5_world_model.py,pi_jwm.r5_world_model,2177,87768a390bac9e8fec3353184ddc40f7837d4bc6ecbabd359b3b599a6bb306d5,4,0,2,keep_in_place_logical_archive,,code/src/pi_jwm/r5_world_model.py
code/src/pi_jwm/r6_10k_analysis.py,pi_jwm.r6_10k_analysis,29055,537a1ea7567aea9e2c6640e07cc0a422738d9440c4233952900b26dc9f1e8a28,2,0,1,keep_in_place_logical_archive,,code/src/pi_jwm/r6_10k_analysis.py
code/src/pi_jwm/r6_airfogsim_joint_runtime.py,pi_jwm.r6_airfogsim_joint_runtime,15430,d9ba3d4d6f928bcc817c0777d4a995b9a166eb71fe842eb249e7acfdb4c45574,2,0,1,keep_in_place_logical_archive,,code/src/pi_jwm/r6_airfogsim_joint_runtime.py
code/src/pi_jwm/r6_cpu_paired_analysis.py,pi_jwm.r6_cpu_paired_analysis,10724,a6f9c3852352918e934adf60d631b65d2aa6a8d0e961520f1403e042c12c5a09,2,0,1,keep_in_place_logical_archive,,code/src/pi_jwm/r6_cpu_paired_analysis.py
code/src/pi_jwm/r6_cpu_paired_policy.py,pi_jwm.r6_cpu_paired_policy,6660,0f0bc5267c9c1c213ea9b6953cec2a2f88b08dc3d02468f8f1a8c2f3b5886b18,2,0,1,keep_in_place_logical_archive,,code/src/pi_jwm/r6_cpu_paired_policy.py
code/src/pi_jwm/r6_cpu_preflight.py,pi_jwm.r6_cpu_preflight,12758,076990875f5be21f3ef3423939222fafe83d3267014a8ab1185e1780a5178c1f,2,0,1,keep_in_place_logical_archive,,code/src/pi_jwm/r6_cpu_preflight.py
code/src/pi_jwm/r6_gpu_training_protocol.py,pi_jwm.r6_gpu_training_protocol,8074,9baf8e931733306012dcf330cc666b45303650c3a75e8b39278fa302120667e9,6,0,1,keep_in_place_logical_archive,,code/src/pi_jwm/r6_gpu_training_protocol.py
code/src/pi_jwm/r6_joint_action.py,pi_jwm.r6_joint_action,19103,c95a78ffd2010eaae46d791caff03658bb98d6f9891a818b122030c6b55d7d45,4,0,3,keep_in_place_logical_archive,,code/src/pi_jwm/r6_joint_action.py
code/src/pi_jwm/r6_joint_policy.py,pi_jwm.r6_joint_policy,13427,f20658cffadf24a05439e695455d1cc8e7ec2a7020966d94254d7d8307144ce2,3,0,1,keep_in_place_logical_archive,,code/src/pi_jwm/r6_joint_policy.py
code/src/pi_jwm/r6_joint_policy_preflight.py,pi_jwm.r6_joint_policy_preflight,6976,6481cb223049c480eac8f5a37e8921a5b4d20b6dbd2cafd1f3872bf9d36305c5,2,0,1,keep_in_place_logical_archive,,code/src/pi_jwm/r6_joint_policy_preflight.py
code/src/pi_jwm/r6_learning_policy.py,pi_jwm.r6_learning_policy,7593,f16d635912db14405060f43bd9ee31642e8fa85d4b7882ec505834645cef5b75,2,0,2,keep_in_place_logical_archive,,code/src/pi_jwm/r6_learning_policy.py
code/src/pi_jwm/r6_learning_policy_contract.py,pi_jwm.r6_learning_policy_contract,6766,1267ca703e4ae076ae3cdb2e9dcc02c72c070b41e9d42244cc854044495d5972,9,0,7,keep_in_place_logical_archive,,code/src/pi_jwm/r6_learning_policy_contract.py
code/src/pi_jwm/r6_learning_policy_preflight.py,pi_jwm.r6_learning_policy_preflight,19464,1d0dca2ce828a462e752ba67a88c06e6cb93ebc7b3ea6926ced231caa99f22db,4,0,1,keep_in_place_logical_archive,,code/src/pi_jwm/r6_learning_policy_preflight.py
code/src/pi_jwm/r6_learning_policy_safety.py,pi_jwm.r6_learning_policy_safety,6570,a680fc885295b95786a9f9b9bc0a1a3c6110b42ab72085e822503ea46d164bf0,1,0,1,keep_in_place_logical_archive,,code/src/pi_jwm/r6_learning_policy_safety.py
code/src/pi_jwm/r6_learning_policy_training.py,pi_jwm.r6_learning_policy_training,5616,97bcc8611598ea066015cd7a99b5e2b75548f2288ed6e9609e367b15109ccbf4,1,0,1,keep_in_place_logical_archive,,code/src/pi_jwm/r6_learning_policy_training.py
code/src/pi_jwm/r6_online_observation.py,pi_jwm.r6_online_observation,12216,3732476b03d8ea6f38a170d2ac903a9cdd2a36d7a90f8175fd87c4685c23a33b,2,0,1,keep_in_place_logical_archive,,code/src/pi_jwm/r6_online_observation.py
code/src/pi_jwm/r6_reward_protocol.py,pi_jwm.r6_reward_protocol,11572,9257101e6c71141a51b1c1ef7c7694796f0873ecc4ba41111328e1926ee32687,5,0,3,keep_in_place_logical_archive,,code/src/pi_jwm/r6_reward_protocol.py
code/src/pi_jwm/r6_reward_surrogate.py,pi_jwm.r6_reward_surrogate,16288,3e9c8d5a93144ae9d71c07ef99916b14fa76290a4efe7a22fab3d3dac2ba2d1c,1,0,1,keep_in_place_logical_archive,,code/src/pi_jwm/r6_reward_surrogate.py
code/src/pi_jwm/r6_rollout.py,pi_jwm.r6_rollout,4633,d5cdd279b943f28d2def60b792a0c862a03a309020c4dea2bc92d1babc63a91e,3,0,1,keep_in_place_logical_archive,,code/src/pi_jwm/r6_rollout.py
code/src/pi_jwm/v11_adaptive_gate.py,pi_jwm.v11_adaptive_gate,3855,ce67a76b2e73bcb4851ea507a98670d4354485e6b69dceddbb01aeafe2506f50,2,0,1,keep_in_place_logical_archive,,code/src/pi_jwm/v11_adaptive_gate.py
code/src/pi_jwm/v11_benefit_identifiability.py,pi_jwm.v11_benefit_identifiability,31204,db431de71d7752518a1440fc7d27e3ec45dd0f1a707145159766d7c0b77aeab9,2,0,1,keep_in_place_logical_archive,,code/src/pi_jwm/v11_benefit_identifiability.py
code/src/pi_jwm/v11_candidates.py,pi_jwm.v11_candidates,12717,9ecf88a8c29813421d5b21297b75aded3ba55c404a791fe0f8e56b9151723baa,2,0,1,keep_in_place_logical_archive,,code/src/pi_jwm/v11_candidates.py
code/src/pi_jwm/v11_crossfit.py,pi_jwm.v11_crossfit,17003,86cf32517564f57d9c0cda6f46aab9e61ef00a48cd1528151ed8627664c4029a,3,0,1,keep_in_place_logical_archive,,code/src/pi_jwm/v11_crossfit.py
code/src/pi_jwm/v11_interaction_selector.py,pi_jwm.v11_interaction_selector,20928,177c35727aeea3b7cd19053cd488c47de55b00a7d3c8296b1857d858476ee106,2,0,1,keep_in_place_logical_archive,,code/src/pi_jwm/v11_interaction_selector.py
code/src/pi_jwm/v11_interactions.py,pi_jwm.v11_interactions,12602,3649b7f04b98511c740599765c822c025d8e42c7533448dc3c7b6a54518485af,5,0,3,keep_in_place_logical_archive,,code/src/pi_jwm/v11_interactions.py
code/src/pi_jwm/v11_labeling.py,pi_jwm.v11_labeling,30337,b3e3e47ae33e354cd744f5bae10da6abd88df4f172abfc9fba54fd845757c0d3,15,0,4,keep_in_place_logical_archive,,code/src/pi_jwm/v11_labeling.py
code/src/pi_jwm/v11_objective_aligned_selector.py,pi_jwm.v11_objective_aligned_selector,33354,b84aec969d665abe1e2cb95870238b545eea58d06c013d92e27d73eb64a9a67e,2,0,1,keep_in_place_logical_archive,,code/src/pi_jwm/v11_objective_aligned_selector.py
code/src/pi_jwm/v11_phase_selector.py,pi_jwm.v11_phase_selector,9744,eebe0b5c3522e9f259135f2bb31f23734f9a64b1625be6249e5bc6dad6fe9967,2,0,1,keep_in_place_logical_archive,,code/src/pi_jwm/v11_phase_selector.py
code/src/pi_jwm/v11_physical_benefit.py,pi_jwm.v11_physical_benefit,28521,ff736370fa68014899e32794c285746190137c16478329c820d5aa862152a8c8,4,0,1,keep_in_place_logical_archive,,code/src/pi_jwm/v11_physical_benefit.py
code/src/pi_jwm/v11_rollout_value_calibrator.py,pi_jwm.v11_rollout_value_calibrator,5376,c3a6312cd06712f9047ecc36f1f76b536f0b113350e8e1e2dd027c9d42f9efcf,27,0,1,keep_in_place_logical_archive,,code/src/pi_jwm/v11_rollout_value_calibrator.py
code/src/pi_jwm/v11_selector.py,pi_jwm.v11_selector,46389,b330ce39d0dca54e3167c5568f8aa44aeda2928e9fe1f75b83651aca68411e0e,19,0,8,keep_in_place_logical_archive,,code/src/pi_jwm/v11_selector.py
code/src/pi_jwm/v6_data.py,pi_jwm.v6_data,11823,8466c6cc4adf958833a0d3d5bcd67e795257a56ede06788e9956b831b41e1195,37,0,3,keep_in_place_logical_archive,,code/src/pi_jwm/v6_data.py
code/src/pi_jwm/v6_dual_graph.py,pi_jwm.v6_dual_graph,14462,27ed3519f5d829fbb70db4cf7f54d4ad3f1aaaf5eb0081a1cef5b03b04942796,28,0,7,keep_in_place_logical_archive,,code/src/pi_jwm/v6_dual_graph.py
code/src/pi_jwm/v6_flat_baseline.py,pi_jwm.v6_flat_baseline,2033,c431a41fa964af1a9dee4d43eaa7dfb369227578c27b13e8136f0142ab1bf6ee,2,0,1,keep_in_place_logical_archive,,code/src/pi_jwm/v6_flat_baseline.py
code/src/pi_jwm/v6_metrics.py,pi_jwm.v6_metrics,2031,90647d21d86852c1788a8ecea8f9f8b9d101a730bb8581a12e8973b7ed9ee6eb,9,0,1,keep_in_place_logical_archive,,code/src/pi_jwm/v6_metrics.py
code/src/pi_jwm/v7_action_policy.py,pi_jwm.v7_action_policy,10750,cfdc9c88d3ad2e5a15c28a2012225023171c3023795a0716fcc80c1aa0dceefa,6,0,1,keep_in_place_logical_archive,,code/src/pi_jwm/v7_action_policy.py
code/src/pi_jwm/v7_active_rate_teacher.py,pi_jwm.v7_active_rate_teacher,6414,c4908a91c8d07262878f3091b106513159e3b3fc6edfb466ed01ef454fefc97f,2,0,1,keep_in_place_logical_archive,,code/src/pi_jwm/v7_active_rate_teacher.py
code/src/pi_jwm/v8_full_world_model.py,pi_jwm.v8_full_world_model,31169,17b27ee99c5ca7f7d911f69d75e9b4251d0388bf720fd8414d8273221a64ddae,3,0,1,keep_in_place_logical_archive,,code/src/pi_jwm/v8_full_world_model.py
code/src/pi_jwm/v8_graph_blocks.py,pi_jwm.v8_graph_blocks,8351,0eb8b53f87999130ec2dde447ea0a63607fcf9f0def5c99b9a2a01d5fd107cda,2,0,1,keep_in_place_logical_archive,,code/src/pi_jwm/v8_graph_blocks.py
code/src/pi_jwm/v8_training.py,pi_jwm.v8_training,50933,cd7f00c25575aa7506ed785234fd771a5ae0c4c337550ca5e5e872f4e88ffdc7,20,0,1,keep_in_place_logical_archive,,code/src/pi_jwm/v8_training.py
code/tests/test_analyze_r5_module_confirmation.py,tests.test_analyze_r5_module_confirmation,2687,d46b71b92842b0d3324a1ff009e4cb785c1e344f975be1f9654243c15677d437,0,0,0,keep_in_place_logical_archive,,code/tests/test_analyze_r5_module_confirmation.py
code/tests/test_analyze_r5_multi_seed.py,tests.test_analyze_r5_multi_seed,4158,c4f88ee9d1eef563fe30c02359a663fcd6b7227cd3cdfd00f81b547c627d2d2a,0,0,0,keep_in_place_logical_archive,,code/tests/test_analyze_r5_multi_seed.py
code/tests/test_analyze_r6_10k_gate.py,tests.test_analyze_r6_10k_gate,1278,742da2d1b07a283f6b35787826f9a7da9f667b38ff889329769d91210edefb00,0,0,0,keep_in_place_logical_archive,,code/tests/test_analyze_r6_10k_gate.py
code/tests/test_launch_r6_gpu_training_matrix.py,tests.test_launch_r6_gpu_training_matrix,2573,b63e3fde8a1397d7103ef0f2d70c52432f644c6ea2436ba771d0570867812242,0,0,0,keep_in_place_logical_archive,,code/tests/test_launch_r6_gpu_training_matrix.py
code/tests/test_r3_checkpoint.py,tests.test_r3_checkpoint,3249,bce171079c0dd424b9f58930948f685372aa9500b03fb1f63a51756de8836799,0,0,0,keep_in_place_logical_archive,,code/tests/test_r3_checkpoint.py
code/tests/test_r3_objective.py,tests.test_r3_objective,4081,99dfc596f428c2152a31eb50d8e1b19bde76c4090432fce115b7000606cb210c,0,0,0,keep_in_place_logical_archive,,code/tests/test_r3_objective.py
code/tests/test_r3_preflight_data.py,tests.test_r3_preflight_data,13401,4c5284ef1202e0af8adc39b396a58d70fa1ec37e3a74e1bee3a785bebcdd70ab,0,0,0,keep_in_place_logical_archive,,code/tests/test_r3_preflight_data.py
code/tests/test_r3_world_model.py,tests.test_r3_world_model,9110,44366cf89da39351c362d3c3941361fe878842f6de943441806c2d6cd37c5f3d,0,0,0,keep_in_place_logical_archive,,code/tests/test_r3_world_model.py
code/tests/test_r4_checkpoint.py,tests.test_r4_checkpoint,4165,f70b0122d49a0706e5158d81a9a800f8c27670247ea318cc1d2ea277360cd07e,0,0,0,keep_in_place_logical_archive,,code/tests/test_r4_checkpoint.py
code/tests/test_r4_coupling_candidates.py,tests.test_r4_coupling_candidates,2995,51a84dcfaff3c0682c6faf1f67362f89803b9bd042a8011ef4f36ff67c93d06d,0,0,0,keep_in_place_logical_archive,,code/tests/test_r4_coupling_candidates.py
code/tests/test_r4_dag_candidate.py,tests.test_r4_dag_candidate,3612,77cd509d87e4285df230bb8952caa06a060d8b7c2e2860c26a0d8b4eb0c37aea,0,0,0,keep_in_place_logical_archive,,code/tests/test_r4_dag_candidate.py
code/tests/test_r4_gpu_screening.py,tests.test_r4_gpu_screening,6526,32a59a536ad699856d28efe8c253d2358a2bb73409b1378b6cb21f0b16b9f877,0,0,0,keep_in_place_logical_archive,,code/tests/test_r4_gpu_screening.py
code/tests/test_r4_graph_candidates.py,tests.test_r4_graph_candidates,6030,cc8f7609b292f6bba8f3269d2fda7ba4967e2430d81c578fd36edc086f8a3048,0,0,0,keep_in_place_logical_archive,,code/tests/test_r4_graph_candidates.py
code/tests/test_r4_module_registry.py,tests.test_r4_module_registry,4413,e2254e6de2cc7112f13ea71f50d56805460be21dacc004ddedc013b30420e8e0,0,0,0,keep_in_place_logical_archive,,code/tests/test_r4_module_registry.py
code/tests/test_r4_objective.py,tests.test_r4_objective,2276,fb232edae44af872273df3d5da9772d6e5af1428f7dfd34bdfd88075e5e28e75,0,0,0,keep_in_place_logical_archive,,code/tests/test_r4_objective.py
code/tests/test_r4_output_heads.py,tests.test_r4_output_heads,6202,204336a1349bd2f3996c64fe15f539cd5252089cc99c4a8ec10f396c644897f5,0,0,0,keep_in_place_logical_archive,,code/tests/test_r4_output_heads.py
code/tests/test_r4_presence_candidate.py,tests.test_r4_presence_candidate,2788,92ac81cbcfcfe0ae1e01b05e4e03e12b0a1cb3ab8dc7857d1c68be0ac3f7e4af,0,0,0,keep_in_place_logical_archive,,code/tests/test_r4_presence_candidate.py
code/tests/test_r4_rssm.py,tests.test_r4_rssm,3882,8edda2400ddd20962c289b8722c1802b8112172569126bea71b16476c2910a0d,0,0,0,keep_in_place_logical_archive,,code/tests/test_r4_rssm.py
code/tests/test_r4_world_model.py,tests.test_r4_world_model,5827,588c6ea9a7fa478d93c0e19d2d716e7fbac786d528bc05f61e7d9c60456e48fd,0,0,0,keep_in_place_logical_archive,,code/tests/test_r4_world_model.py
code/tests/test_r5_checkpoint.py,tests.test_r5_checkpoint,5308,92895207558163b5d63ce50d567b13cb4b24148378600a2a6d8b80f8c8b39323,0,0,0,keep_in_place_logical_archive,,code/tests/test_r5_checkpoint.py
code/tests/test_r5_confirmation_analysis.py,tests.test_r5_confirmation_analysis,10599,81d89e1adff7bfed47be7cfbb105c23574d653fd8062222aecc50a2a2a9185d0,0,0,0,keep_in_place_logical_archive,,code/tests/test_r5_confirmation_analysis.py
code/tests/test_r5_confirmation_checkpoint.py,tests.test_r5_confirmation_checkpoint,3004,c678bce64cbe51d2df57fb1cf34e6c909f461181beca24cfd5076646545b26b4,0,0,0,keep_in_place_logical_archive,,code/tests/test_r5_confirmation_checkpoint.py
code/tests/test_r5_legacy_control.py,tests.test_r5_legacy_control,2753,4dbc072c19d20f8cf86cbea6bf1fd679eb3e0a6e8cd807c18d18400d491d1dc1,0,0,0,keep_in_place_logical_archive,,code/tests/test_r5_legacy_control.py
code/tests/test_r5_module_confirmation.py,tests.test_r5_module_confirmation,3552,61172712ae16435696210058758a26d276f98d0abb0cf47e7ad943bcf52d1c30,0,0,0,keep_in_place_logical_archive,,code/tests/test_r5_module_confirmation.py
code/tests/test_r5_multi_seed_analysis.py,tests.test_r5_multi_seed_analysis,7344,20d170e5e78eecbd5b4e789a8817657a50bc6746a3926aadc38a8bd4179c472a,0,0,0,keep_in_place_logical_archive,,code/tests/test_r5_multi_seed_analysis.py
code/tests/test_r5_protocol.py,tests.test_r5_protocol,2812,4c607848b060de388b4d1331b9e57e20d2b72cb02ebb8b2813c9efb92acba497,0,0,0,keep_in_place_logical_archive,,code/tests/test_r5_protocol.py
code/tests/test_r5_world_model.py,tests.test_r5_world_model,5425,a8036188aa94d4c190e7e0aa09eee9356ca1083fdf131e29fec9263162b65cd3,0,0,0,keep_in_place_logical_archive,,code/tests/test_r5_world_model.py
code/tests/test_r6_10k_gate_analysis.py,tests.test_r6_10k_gate_analysis,9046,9cf9e7b42945f80df0de2c20151b46fb3060ef0d61ef3aa00e48a47d652219f8,0,0,0,keep_in_place_logical_archive,,code/tests/test_r6_10k_gate_analysis.py
code/tests/test_r6_airfogsim_joint_runtime.py,tests.test_r6_airfogsim_joint_runtime,9634,b7d21c6987bb4160f305a08883fc986b346c3ca7e0c287726f011b9e7de3d553,0,0,0,keep_in_place_logical_archive,,code/tests/test_r6_airfogsim_joint_runtime.py
code/tests/test_r6_cpu_paired_analysis.py,tests.test_r6_cpu_paired_analysis,2977,4202aa8b38aa1f3c6e5ebb3a2d1fd47c39388c4189b3144b51835a2acac7faa2,0,0,0,keep_in_place_logical_archive,,code/tests/test_r6_cpu_paired_analysis.py
code/tests/test_r6_cpu_paired_policy.py,tests.test_r6_cpu_paired_policy,3113,8ff172259b2f7840dfbe9f054fd9b45947c107349d6aa5e385bdcbb13d1e0503,0,0,0,keep_in_place_logical_archive,,code/tests/test_r6_cpu_paired_policy.py
code/tests/test_r6_cpu_preflight.py,tests.test_r6_cpu_preflight,6880,256b202400b9dd43c55d606a06bfa35ff6acc60f6df653a00f11bda0a34f87e5,0,0,0,keep_in_place_logical_archive,,code/tests/test_r6_cpu_preflight.py
code/tests/test_r6_gpu_training_launcher.py,tests.test_r6_gpu_training_launcher,2550,304157d517125aeb7b0ba9747889221cc0e4902846898433fa9504f90459d2eb,0,0,0,keep_in_place_logical_archive,,code/tests/test_r6_gpu_training_launcher.py
code/tests/test_r6_gpu_training_protocol.py,tests.test_r6_gpu_training_protocol,3099,7693dbd96500f5e68eee192c495db223b7e99a7645b3d502e810e3feb4a813e4,0,0,0,keep_in_place_logical_archive,,code/tests/test_r6_gpu_training_protocol.py
code/tests/test_r6_joint_action.py,tests.test_r6_joint_action,7335,9e307d84378e343b625ff313f69b196301f3a6f5cedca5fd3b94b8dc9c802e1a,0,0,0,keep_in_place_logical_archive,,code/tests/test_r6_joint_action.py
code/tests/test_r6_joint_policy.py,tests.test_r6_joint_policy,4058,2fea3b2123323067dd03c4ab72ca5f7c284012275ad9b3b8ad6b248f744df144,0,0,0,keep_in_place_logical_archive,,code/tests/test_r6_joint_policy.py
code/tests/test_r6_joint_policy_preflight.py,tests.test_r6_joint_policy_preflight,3204,ef31c24b80ce433fa57a6dd36a0ed0dec6f43a8c9d7a38eb7ab28e11d698431b,0,0,0,keep_in_place_logical_archive,,code/tests/test_r6_joint_policy_preflight.py
code/tests/test_r6_learning_policy.py,tests.test_r6_learning_policy,3838,8b0039dc62d72b1ca6bf570991748df2c28aab93ce11ddc7bf717e11fa554b5e,0,0,0,keep_in_place_logical_archive,,code/tests/test_r6_learning_policy.py
code/tests/test_r6_learning_policy_contract.py,tests.test_r6_learning_policy_contract,3029,8ab77f17f737f2252d12f6a2de767cad1e207650945fd205ad1b8274ad5b574e,0,0,0,keep_in_place_logical_archive,,code/tests/test_r6_learning_policy_contract.py
code/tests/test_r6_learning_policy_preflight.py,tests.test_r6_learning_policy_preflight,4614,ba8f28a9e8fac757c30e0ec0d419a483e5b7f0ed9475195a03baf35d911f732a,0,0,0,keep_in_place_logical_archive,,code/tests/test_r6_learning_policy_preflight.py
code/tests/test_r6_learning_policy_safety.py,tests.test_r6_learning_policy_safety,5598,a435748bc197ed4fc277e1458dd4883d8f3991db455697a978d76c26ff4c6f22,0,0,0,keep_in_place_logical_archive,,code/tests/test_r6_learning_policy_safety.py
code/tests/test_r6_learning_policy_training.py,tests.test_r6_learning_policy_training,4027,842669ef14273fc00ce901747d1ad2d546e3fcc7c6182e0196b6f37b88b5c09e,0,0,0,keep_in_place_logical_archive,,code/tests/test_r6_learning_policy_training.py
code/tests/test_r6_online_observation.py,tests.test_r6_online_observation,9674,9a7d5666f98cc09c09d8621775dd1b019fc1fd3164a40841b86150c220f8fdc8,0,0,0,keep_in_place_logical_archive,,code/tests/test_r6_online_observation.py
code/tests/test_r6_reward_protocol.py,tests.test_r6_reward_protocol,7498,2a88e9ff64ed21247d23b153f3f99e4205315220abce77f5228fe3e1f0aaaf00,0,0,0,keep_in_place_logical_archive,,code/tests/test_r6_reward_protocol.py
code/tests/test_r6_reward_surrogate.py,tests.test_r6_reward_surrogate,9225,d2d47a5befa2f85db31a675e89259750203678fbcef917d89f34198f1849fffe,0,0,0,keep_in_place_logical_archive,,code/tests/test_r6_reward_surrogate.py
code/tests/test_r6_rollout.py,tests.test_r6_rollout,4372,6038546b8252ba193305a00f39797ba77d3ef2d8bfe965faeb9c3538c15fb9c2,0,0,0,keep_in_place_logical_archive,,code/tests/test_r6_rollout.py
code/tests/test_v10_policy_bridge.py,tests.test_v10_policy_bridge,26572,cd18a33a0b7a01e20b73af5f3e3a8bd7427cc069ab07a3c1c8dca5aa9bc14aba,0,0,0,keep_in_place_logical_archive,,code/tests/test_v10_policy_bridge.py
code/tests/test_v11_adaptive_bridge.py,tests.test_v11_adaptive_bridge,3849,2a973befae1f74680b92bb896c95bb41670abf20eeec2c2e7cc51c3f0235c192,0,0,0,keep_in_place_logical_archive,,code/tests/test_v11_adaptive_bridge.py
code/tests/test_v11_adaptive_candidate_oracle.py,tests.test_v11_adaptive_candidate_oracle,3256,cf3733e618b87268d370e30f2041a278ac67fd633aaec85c48b6f82fa6a6311a,0,0,0,keep_in_place_logical_archive,,code/tests/test_v11_adaptive_candidate_oracle.py
code/tests/test_v11_adaptive_gate.py,tests.test_v11_adaptive_gate,3893,e32a85e49545da005cb04c61e58723b19cad0c0130385764b78d1d61dec864fa,0,0,0,keep_in_place_logical_archive,,code/tests/test_v11_adaptive_gate.py
code/tests/test_v11_base_policy_tournament.py,tests.test_v11_base_policy_tournament,1620,bc433a3c8c48555a17d24dedf487c43cd2de73af7579d2cbf4003bf7a747ea52,0,0,0,keep_in_place_logical_archive,,code/tests/test_v11_base_policy_tournament.py
code/tests/test_v11_benefit_identifiability.py,tests.test_v11_benefit_identifiability,29646,d8e8ed6064ad3ec8e4eb86ba238016d230791715cd83dc53a4be2f98d8407318,0,0,0,keep_in_place_logical_archive,,code/tests/test_v11_benefit_identifiability.py
code/tests/test_v11_branch_template_value_selector.py,tests.test_v11_branch_template_value_selector,4715,7ec0ec8b78ec843ae2b8fd0695001281c40184d5b8c37f283a41ccb05dcb6bd6,0,0,0,keep_in_place_logical_archive,,code/tests/test_v11_branch_template_value_selector.py
code/tests/test_v11_bridge_calibration_sweep.py,tests.test_v11_bridge_calibration_sweep,4561,f2184c56297c800d2bda5c09ae4e243965ade72470dc9d5db13d3e5b83d251e2,0,0,0,keep_in_place_logical_archive,,code/tests/test_v11_bridge_calibration_sweep.py
code/tests/test_v11_bridge_operating_point_diagnosis.py,tests.test_v11_bridge_operating_point_diagnosis,3807,ca825816b66554453673aac5a6224be4c9a9a1796788ad389a2bc7d759b7bba9,0,0,0,keep_in_place_logical_archive,,code/tests/test_v11_bridge_operating_point_diagnosis.py
code/tests/test_v11_bridge_proxy_selector.py,tests.test_v11_bridge_proxy_selector,3015,ea81fa58e9ccce0e6cc3eee1d98cf7444ae57c7c0e875acbb422a43613999ab9,0,0,0,keep_in_place_logical_archive,,code/tests/test_v11_bridge_proxy_selector.py
code/tests/test_v11_candidate_subgroup_diagnosis.py,tests.test_v11_candidate_subgroup_diagnosis,2961,49932f77612c5d7270da94131f167a3b33232a5f0c5a7cc1c80fb54a6693162f,0,0,0,keep_in_place_logical_archive,,code/tests/test_v11_candidate_subgroup_diagnosis.py
code/tests/test_v11_cem_planner_refiner.py,tests.test_v11_cem_planner_refiner,1351,e523b0c42e502b85fe23edbc4374a3f109e7481255d29dc6d314f7e3e4bf48c9,0,0,0,keep_in_place_logical_archive,,code/tests/test_v11_cem_planner_refiner.py
code/tests/test_v11_counterfactual_value_attribution.py,tests.test_v11_counterfactual_value_attribution,2980,ef699a7f20001a6082990fc865b6500235d7e08040a9ea7b1254d6e7cd87ef35,0,0,0,keep_in_place_logical_archive,,code/tests/test_v11_counterfactual_value_attribution.py
code/tests/test_v11_coupled_token_analysis.py,tests.test_v11_coupled_token_analysis,3992,f2be668e29438413359d5222ebfb348b4406ad2f89500d10a4c477fb150f4c2f,0,0,0,keep_in_place_logical_archive,,code/tests/test_v11_coupled_token_analysis.py
code/tests/test_v11_crossfit.py,tests.test_v11_crossfit,18543,6108d701792a9cc4db9f3ab5241387e0a323b1d3c24afa8064debbb1ca644994,0,0,0,keep_in_place_logical_archive,,code/tests/test_v11_crossfit.py
code/tests/test_v11_diffusion_support_generator.py,tests.test_v11_diffusion_support_generator,1756,279eb493231fccc4dda23af4ab4faf86274348b8ea854417bd702fbb488e9946,0,0,0,keep_in_place_logical_archive,,code/tests/test_v11_diffusion_support_generator.py
code/tests/test_v11_foundation_phase0_2_audit.py,tests.test_v11_foundation_phase0_2_audit,4046,65eaccb09f1924e3a5d4ddbe5fea0074cc92e172c4fb279d38e1f7cd30cd1fea,0,0,0,keep_in_place_logical_archive,,code/tests/test_v11_foundation_phase0_2_audit.py
code/tests/test_v11_gnn_greedy_scheduler.py,tests.test_v11_gnn_greedy_scheduler,1660,aeb666e8e91d2570b3f5efbef75f748bf297eaa9d2659e9cd04c42eefc7a781d,0,0,0,keep_in_place_logical_archive,,code/tests/test_v11_gnn_greedy_scheduler.py
code/tests/test_v11_gpu_candidate_batch_summary.py,tests.test_v11_gpu_candidate_batch_summary,1767,99a5d97d40241582592bf09e7041e0b76d4d0277d153da5064b00cf27ad6c8b1,0,0,0,keep_in_place_logical_archive,,code/tests/test_v11_gpu_candidate_batch_summary.py
code/tests/test_v11_gpu_handoff.py,tests.test_v11_gpu_handoff,5315,0fe6b98a58da79ba0a6e3a500ad6007acb5a366fd3364be17fa9e7ecb67d6907,0,0,0,keep_in_place_logical_archive,,code/tests/test_v11_gpu_handoff.py
code/tests/test_v11_graph_support_generator.py,tests.test_v11_graph_support_generator,57242,a70bc805f502f991cfacfa10389e60f231e147f7c15ff91bd25699c2736c5514,0,0,0,keep_in_place_logical_archive,,code/tests/test_v11_graph_support_generator.py
code/tests/test_v11_interaction_selector.py,tests.test_v11_interaction_selector,9766,cdc2d2f831a63dcc7d85d06398f6537ebdb55d6a3a9d97978f86627943a6cbb1,0,0,0,keep_in_place_logical_archive,,code/tests/test_v11_interaction_selector.py
code/tests/test_v11_learned_point_selector.py,tests.test_v11_learned_point_selector,2151,39939814293e883048d8988ebc199a90aa367c48eb7508059ff5609e2e1015fa,0,0,0,keep_in_place_logical_archive,,code/tests/test_v11_learned_point_selector.py
code/tests/test_v11_objective_aligned_selector.py,tests.test_v11_objective_aligned_selector,16990,08d780548ac3b917328be88dfb39d9afe01fc734a479278d11e8bd4f6c921cb4,0,0,0,keep_in_place_logical_archive,,code/tests/test_v11_objective_aligned_selector.py
code/tests/test_v11_phase_selector.py,tests.test_v11_phase_selector,3921,1ac0b96eed4ac23a771188436d77d0b223c49a76bf51f96827ecba42d1a835a1,0,0,0,keep_in_place_logical_archive,,code/tests/test_v11_phase_selector.py
code/tests/test_v11_physical_benefit.py,tests.test_v11_physical_benefit,19882,abf73b092839ca4c76b88830dcaa0e1370c3cdf61f42611f68f9b75c67f519e2,0,0,0,keep_in_place_logical_archive,,code/tests/test_v11_physical_benefit.py
code/tests/test_v11_pointer_support_generator.py,tests.test_v11_pointer_support_generator,613,88ee931afce1e7ab78d69fc81f20421606cb5a7a7c576f392dc1f015c75e5097,0,0,0,keep_in_place_logical_archive,,code/tests/test_v11_pointer_support_generator.py
code/tests/test_v11_policy_action_proxy.py,tests.test_v11_policy_action_proxy,8484,1e094528ce166a410e6e2a3000b2373c42349137f35e69942b1ce307847f3131,0,0,0,keep_in_place_logical_archive,,code/tests/test_v11_policy_action_proxy.py
code/tests/test_v11_rb_shrink_sweep.py,tests.test_v11_rb_shrink_sweep,1842,059b50e69a11bbfe389d23439847f4213ef2b6dbc7cc9262ff22ca3b5e18dee7,0,0,0,keep_in_place_logical_archive,,code/tests/test_v11_rb_shrink_sweep.py
code/tests/test_v11_rb_total_conditional_scale.py,tests.test_v11_rb_total_conditional_scale,2506,2a8a1bb92d0e3093532c375587a27c740c1cfcd0ae06102a3af0ea6816a60827,0,0,0,keep_in_place_logical_archive,,code/tests/test_v11_rb_total_conditional_scale.py
code/tests/test_v11_rb_total_repair.py,tests.test_v11_rb_total_repair,3069,6d2bdf56cca118f6c72317b7f7fd46ebe14680f080d35a915de10484c26476d2,0,0,0,keep_in_place_logical_archive,,code/tests/test_v11_rb_total_repair.py
code/tests/test_v11_rb_total_risk_controlled_scale.py,tests.test_v11_rb_total_risk_controlled_scale,1523,3b7acff938c2ca21e9931407a770df1438dafece7fa2264640436d3e3a5a6851,0,0,0,keep_in_place_logical_archive,,code/tests/test_v11_rb_total_risk_controlled_scale.py
code/tests/test_v11_rb_total_value_head.py,tests.test_v11_rb_total_value_head,12945,01f0863f2ae336e36cb62acf9f0d0d8a724eb76aaa2afe52f911370d2ec15ea4,0,0,0,keep_in_place_logical_archive,,code/tests/test_v11_rb_total_value_head.py
code/tests/test_v11_rb_total_value_reconstruction.py,tests.test_v11_rb_total_value_reconstruction,8169,4e44c958d9170a3a542e768bffdbd86c4d02d505bfd6eb47b6dcce88ac0e0c5e,0,0,0,keep_in_place_logical_archive,,code/tests/test_v11_rb_total_value_reconstruction.py
code/tests/test_v11_repair_benefit_shortlist.py,tests.test_v11_repair_benefit_shortlist,2581,cf3200201585b643a05b01a618b1e6b08312f7bf16fe304df0806832c8686b93,0,0,0,keep_in_place_logical_archive,,code/tests/test_v11_repair_benefit_shortlist.py
code/tests/test_v11_retrieval_action_generator.py,tests.test_v11_retrieval_action_generator,3516,353071fa16b737ab3995252edf8fd2c3c54f070ab445c83eb8749e838a4bb709,0,0,0,keep_in_place_logical_archive,,code/tests/test_v11_retrieval_action_generator.py
code/tests/test_v11_rollout_reward_template_selector.py,tests.test_v11_rollout_reward_template_selector,13875,e71048492c6119037add0208c1d86babc2af54c80e6376b47829a7052ef6c4e0,0,0,0,keep_in_place_logical_archive,,code/tests/test_v11_rollout_reward_template_selector.py
code/tests/test_v11_rollout_value_calibrator.py,tests.test_v11_rollout_value_calibrator,3837,101212ea4fd7519d356c7ccc0de4f921e6f61b37a16de0e50b2a6b238c9af71f,0,0,0,keep_in_place_logical_archive,,code/tests/test_v11_rollout_value_calibrator.py
code/tests/test_v11_rollout_value_calibrator_training.py,tests.test_v11_rollout_value_calibrator_training,6654,19ba136b953f1e7c7bba95ad884a908a0c4cb6e9be54f676ef7c7e042a3d24cc,0,0,0,keep_in_place_logical_archive,,code/tests/test_v11_rollout_value_calibrator_training.py
code/tests/test_v11_scheduler_pattern_generation.py,tests.test_v11_scheduler_pattern_generation,3623,14c17e0db4b72ba7fd113379c658190247bc91ba47d990a60e51eeffef51759c,0,0,0,keep_in_place_logical_archive,,code/tests/test_v11_scheduler_pattern_generation.py
code/tests/test_v11_scheduler_ranked_allocation.py,tests.test_v11_scheduler_ranked_allocation,12677,2708485134a4c0b1fa79afb6bf72ef8c0cb5239e4d4eb6aa89a6b1a1d68157c1,0,0,0,keep_in_place_logical_archive,,code/tests/test_v11_scheduler_ranked_allocation.py
code/tests/test_v11_schema6_interactions.py,tests.test_v11_schema6_interactions,17244,53a353fb6a5e57c54b5d0c15da42d29009429d28084c134f9f77bb74a84a8b60,0,0,0,keep_in_place_logical_archive,,code/tests/test_v11_schema6_interactions.py
code/tests/test_v11_selector_finalization.py,tests.test_v11_selector_finalization,69805,5aa487a128330fde0419a7c53ec0501677b18a5b96215764cbb91f51619fdab8,0,0,0,keep_in_place_logical_archive,,code/tests/test_v11_selector_finalization.py
code/tests/test_v11_strategy_selector.py,tests.test_v11_strategy_selector,2128,10d404897254adb69c08f4ed819e944c3eac3566cf91b7963e7a240c3fd33a88,0,0,0,keep_in_place_logical_archive,,code/tests/test_v11_strategy_selector.py
code/tests/test_v11_template_policy_selector.py,tests.test_v11_template_policy_selector,3695,b578b74540e9b662ded58f8fd6e2a1492ac930df863d68ff0e9539e05444856f,0,0,0,keep_in_place_logical_archive,,code/tests/test_v11_template_policy_selector.py
code/tests/test_v11_value_calibrator_drift_diagnosis.py,tests.test_v11_value_calibrator_drift_diagnosis,1378,6ac23f1ed9d18abe589c7415c3f403cafea0090326d6e8275eb384b4a7c73714,0,0,0,keep_in_place_logical_archive,,code/tests/test_v11_value_calibrator_drift_diagnosis.py
code/tests/test_v11_value_gap_audit.py,tests.test_v11_value_gap_audit,1687,7aede2b550beb4afadf620e68242e83d4c495609e8ce03f964448405f7f0b02d,0,0,0,keep_in_place_logical_archive,,code/tests/test_v11_value_gap_audit.py
code/tests/test_v11_world_model_trust_phase2.py,tests.test_v11_world_model_trust_phase2,2020,c7367faa90367c079d0669e41a715849572c5407b887be369b5c735214adf248,0,0,0,keep_in_place_logical_archive,,code/tests/test_v11_world_model_trust_phase2.py
code/tests/test_v6_dual_graph_rollout.py,tests.test_v6_dual_graph_rollout,14288,0e7d5690802e164b2a554680f45e4a82a8bb33b71e1179cc5d2fb5839d9107b5,0,0,0,keep_in_place_logical_archive,,code/tests/test_v6_dual_graph_rollout.py
code/tests/test_v6_flat_baseline.py,tests.test_v6_flat_baseline,967,b6022ff347abd93335e490d50ceb0d85086eb18e85c5c4a6eb3df3353039d1df,0,0,0,keep_in_place_logical_archive,,code/tests/test_v6_flat_baseline.py
code/tests/test_v6_metrics.py,tests.test_v6_metrics,1770,1bb93f04e5468ae78b5e539c185f19bc32e2e54955e17924c8769700df2bc6db,0,0,0,keep_in_place_logical_archive,,code/tests/test_v6_metrics.py
code/tests/test_v7_action_policy.py,tests.test_v7_action_policy,38268,612c977a1f18e88d48e29b52e241eab6230691d330f895f0b070e3062dd50f39,0,0,0,keep_in_place_logical_archive,,code/tests/test_v7_action_policy.py
code/tests/test_v7_action_specialist.py,tests.test_v7_action_specialist,2076,56ddca8d8094cc6c59366b32937f29c599e69a308685a82f275a9bfceb27193c,0,0,0,keep_in_place_logical_archive,,code/tests/test_v7_action_specialist.py
code/tests/test_v7_active_rate_loss.py,tests.test_v7_active_rate_loss,9223,cc310b048af95b5ba3ba49c2308dbab3017d3965ddd382046b039c0fedacc7cc,0,0,0,keep_in_place_logical_archive,,code/tests/test_v7_active_rate_loss.py
code/tests/test_v7_active_rate_teacher.py,tests.test_v7_active_rate_teacher,1843,5bca3eb223b59ffed66e1554705782d6d1a8aa5e072830a4941beaf3a3b290c9,0,0,0,keep_in_place_logical_archive,,code/tests/test_v7_active_rate_teacher.py
code/tests/test_v7_activity_gated_rate_head.py,tests.test_v7_activity_gated_rate_head,5795,e2f962c4feed4eefdb21e1bfacf204733d7ee644e35c18006055223f3f3ddf07,0,0,0,keep_in_place_logical_archive,,code/tests/test_v7_activity_gated_rate_head.py
code/tests/test_v7_dual_graph_fusion.py,tests.test_v7_dual_graph_fusion,4259,8fdea9012dbdfb56ee2295e3decaeb0d5fd0cd0a686c419e5dee9080e451ec9e,0,0,0,keep_in_place_logical_archive,,code/tests/test_v7_dual_graph_fusion.py
code/tests/test_v8_active_rate_calibration.py,tests.test_v8_active_rate_calibration,3806,561db5b5a67f8a3dbb1265a45266e51e0fac8c7fcdad9372a4f3f3a32bc138a0,0,0,0,keep_in_place_logical_archive,,code/tests/test_v8_active_rate_calibration.py
code/tests/test_v8_active_rate_diagnosis.py,tests.test_v8_active_rate_diagnosis,7564,376737319638b4106aabc59d35fb822477835b55dc728ebc930d9b5298e55ad2,0,0,0,keep_in_place_logical_archive,,code/tests/test_v8_active_rate_diagnosis.py
code/tests/test_v8_graph_blocks.py,tests.test_v8_graph_blocks,24634,235293d3509700bdfd4f18f90b307d65e652548c3e30e1b865aaf4e552947b81,0,0,0,keep_in_place_logical_archive,,code/tests/test_v8_graph_blocks.py
code/tests/test_v8_training.py,tests.test_v8_training,102507,6aeb894dfabe746f4321e7978fd09aaebef67a4983c9c187553f8df47773c639,0,0,0,keep_in_place_logical_archive,,code/tests/test_v8_training.py
code/tests/test_v9_action_ablation.py,tests.test_v9_action_ablation,2534,f0fd7d9cbf6b2039f2e3f94e226740520149d69869b82936b80983e42eec3834,0,0,0,keep_in_place_logical_archive,,code/tests/test_v9_action_ablation.py
code/tests/test_v9_gate_calibration.py,tests.test_v9_gate_calibration,9033,1656c8372717f0ce0ba3c0c2170e0f8309d4238769e03a5a6cb3d55ab33c0e03,0,0,0,keep_in_place_logical_archive,,code/tests/test_v9_gate_calibration.py
