seed,time,task_id,task_node_id,source_node_id,target_node_id,target_node_type,candidate_count,nearest_distance
2,0.8,Task_1,UAV_0,UAV_0,RSU_3,rsu,5,0.0
2,1.1,Task_2,UAV_0,UAV_0,RSU_3,rsu,5,0.0
2,1.4,Task_3,UAV_0,UAV_0,RSU_3,rsu,5,0.0
2,1.4,Task_4,UAV_0,UAV_0,RSU_3,rsu,5,0.0
2,3.3,Task_5,UAV_0,UAV_0,RSU_3,rsu,6,0.0
2,3.7,Task_6,UAV_1,UAV_1,RSU_2,rsu,5,0.0
2,4.4,Task_19,UAV_1,UAV_1,RSU_2,rsu,5,0.0
2,4.4,Task_28,vehicle_4,vehicle_4,RSU_2,rsu,6,0.0
2,4.6,Task_21,vehicle_0,vehicle_0,RSU_3,rsu,5,0.0
2,4.9,Task_29,vehicle_4,vehicle_4,RSU_2,rsu,6,0.0
2,5.2,Task_22,vehicle_0,vehicle_0,RSU_3,rsu,5,0.0
2,5.4,Task_14,UAV_0,UAV_0,RSU_3,rsu,6,0.0
2,5.5,Task_25,vehicle_3,vehicle_3,RSU_3,rsu,5,0.0
2,6.1,Task_26,vehicle_3,vehicle_3,RSU_3,rsu,5,0.0
2,6.5,Task_15,UAV_0,UAV_0,RSU_3,rsu,5,0.0
2,7.3,Task_30,vehicle_4,vehicle_4,RSU_2,rsu,5,0.0
2,7.7,Task_16,UAV_0,UAV_0,RSU_3,rsu,6,0.0
2,8.0,Task_17,UAV_0,UAV_0,RSU_3,rsu,6,0.0
2,8.2,Task_18,UAV_0,UAV_0,RSU_3,rsu,6,0.0
2,8.2,Task_20,UAV_1,UAV_1,RSU_2,rsu,5,0.0
2,8.2,Task_31,vehicle_4,vehicle_4,RSU_2,rsu,5,0.0
2,8.2,Task_23,vehicle_0,vehicle_0,RSU_3,rsu,5,0.0
2,8.2,Task_27,vehicle_3,vehicle_3,RSU_3,rsu,6,0.0
2,8.2,Task_24,vehicle_2,vehicle_2,RSU_1,rsu,6,0.0
2,8.3,Task_41,vehicle_2,vehicle_2,RSU_1,rsu,6,0.0
2,8.3,Task_42,vehicle_2,vehicle_2,RSU_1,rsu,6,0.0
2,8.5,Task_49,vehicle_5,vehicle_5,RSU_2,rsu,5,0.0
2,8.8,Task_43,vehicle_2,vehicle_2,RSU_1,rsu,6,0.0
2,9.2,Task_33,UAV_0,UAV_0,vehicle_3,vehicle,6,0.0
2,9.4,Task_35,UAV_1,UAV_1,RSU_2,rsu,6,0.0
2,9.7,Task_36,UAV_1,UAV_1,RSU_2,rsu,5,0.0
2,10.3,Task_38,vehicle_0,vehicle_0,RSU_3,rsu,6,0.0
2,10.5,Task_46,vehicle_3,vehicle_3,vehicle_8,vehicle,5,0.0
2,11.1,Task_44,vehicle_2,vehicle_2,RSU_1,rsu,5,0.0
2,11.1,Task_50,vehicle_5,vehicle_5,RSU_2,rsu,5,0.0
2,11.4,Task_39,vehicle_0,vehicle_0,RSU_3,rsu,5,0.0
2,12.2,Task_34,UAV_0,UAV_0,vehicle_12,vehicle,5,0.0
2,12.2,Task_37,UAV_1,UAV_1,RSU_2,rsu,6,0.0
2,12.2,Task_48,vehicle_4,vehicle_4,RSU_2,rsu,5,0.0
2,12.2,Task_40,vehicle_0,vehicle_0,RSU_3,rsu,5,0.0
2,12.2,Task_47,vehicle_3,vehicle_3,vehicle_8,vehicle,5,0.0
2,12.2,Task_45,vehicle_2,vehicle_2,vehicle_6,vehicle,5,0.0
2,12.2,Task_51,vehicle_5,vehicle_5,RSU_2,rsu,6,0.0
2,12.5,Task_80,vehicle_8,vehicle_8,vehicle_12,vehicle,5,0.0
2,12.6,Task_56,UAV_1,UAV_1,RSU_2,rsu,6,0.0
2,12.6,Task_65,vehicle_4,vehicle_4,RSU_2,rsu,5,0.0
2,12.6,Task_58,vehicle_0,vehicle_0,RSU_3,rsu,5,0.0
2,13.2,Task_68,vehicle_5,vehicle_5,RSU_2,rsu,6,0.0
2,13.4,Task_52,UAV_0,UAV_0,vehicle_12,vehicle,5,0.0
2,13.6,Task_59,vehicle_0,vehicle_0,RSU_3,rsu,5,0.0
2,13.6,Task_72,vehicle_6,vehicle_6,vehicle_2,vehicle,5,0.0
2,13.7,Task_81,vehicle_8,vehicle_8,vehicle_12,vehicle,5,0.0
2,13.9,Task_73,vehicle_6,vehicle_6,vehicle_2,vehicle,5,0.0
2,14.0,Task_82,vehicle_8,vehicle_8,vehicle_12,vehicle,5,0.0
2,14.0,Task_78,vehicle_7,vehicle_7,RSU_1,rsu,7,0.0
2,14.1,Task_63,vehicle_3,vehicle_3,vehicle_8,vehicle,5,0.0
2,14.3,Task_69,vehicle_5,vehicle_5,RSU_2,rsu,5,0.0
2,14.5,Task_86,vehicle_10,vehicle_10,vehicle_7,vehicle,5,0.0
2,14.6,Task_70,vehicle_5,vehicle_5,RSU_2,rsu,5,0.0
2,14.8,Task_74,vehicle_6,vehicle_6,vehicle_2,vehicle,5,0.0
2,15.0,Task_75,vehicle_6,vehicle_6,vehicle_2,vehicle,5,0.0
2,15.2,Task_53,UAV_0,UAV_0,vehicle_12,vehicle,6,0.0
2,15.5,Task_76,vehicle_6,vehicle_6,vehicle_2,vehicle,5,0.0
2,15.7,Task_87,vehicle_10,vehicle_10,vehicle_7,vehicle,6,0.0
2,15.8,Task_61,vehicle_2,vehicle_2,vehicle_6,vehicle,5,0.0
2,15.9,Task_66,vehicle_4,vehicle_4,RSU_2,rsu,6,0.0
2,16.0,Task_84,vehicle_9,vehicle_9,vehicle_13,vehicle,7,0.0
2,16.1,Task_54,UAV_0,UAV_0,vehicle_12,vehicle,5,0.0
2,16.2,Task_55,UAV_0,UAV_0,vehicle_12,vehicle,5,0.0
2,16.2,Task_57,UAV_1,UAV_1,RSU_2,rsu,5,0.0
2,16.2,Task_67,vehicle_4,vehicle_4,RSU_2,rsu,6,0.0
2,16.2,Task_60,vehicle_0,vehicle_0,vehicle_15,vehicle,6,0.0
2,16.2,Task_64,vehicle_3,vehicle_3,vehicle_8,vehicle,6,0.0
2,16.2,Task_62,vehicle_2,vehicle_2,vehicle_6,vehicle,5,0.0
2,16.2,Task_71,vehicle_5,vehicle_5,vehicle_14,vehicle,5,0.0
2,16.2,Task_83,vehicle_8,vehicle_8,vehicle_12,vehicle,6,0.0
2,16.2,Task_77,vehicle_6,vehicle_6,vehicle_2,vehicle,5,0.0
2,16.2,Task_79,vehicle_7,vehicle_7,vehicle_6,vehicle,6,0.0
2,16.2,Task_88,vehicle_10,vehicle_10,vehicle_7,vehicle,6,0.0
2,16.2,Task_85,vehicle_9,vehicle_9,vehicle_13,vehicle,8,0.0
2,16.5,Task_103,vehicle_8,vehicle_8,vehicle_12,vehicle,6,0.0
2,16.5,Task_111,vehicle_14,vehicle_14,vehicle_5,vehicle,5,0.0
2,16.6,Task_94,vehicle_0,vehicle_0,vehicle_15,vehicle,6,0.0
2,16.6,Task_104,vehicle_8,vehicle_8,vehicle_12,vehicle,6,0.0
2,16.6,Task_108,vehicle_9,vehicle_9,vehicle_13,vehicle,6,0.0
2,16.7,Task_117,vehicle_15,vehicle_15,vehicle_0,vehicle,5,0.0
2,16.9,Task_95,vehicle_2,vehicle_2,vehicle_6,vehicle,5,0.0
2,17.6,Task_91,UAV_1,UAV_1,RSU_2,rsu,5,0.0
2,17.7,Task_110,vehicle_13,vehicle_13,vehicle_9,vehicle,6,0.0
2,17.8,Task_89,UAV_0,UAV_0,vehicle_12,vehicle,5,0.0
2,18.2,Task_105,vehicle_8,vehicle_8,vehicle_12,vehicle,6,0.0
2,18.5,Task_112,vehicle_14,vehicle_14,vehicle_5,vehicle,5,0.0
2,18.6,Task_113,vehicle_14,vehicle_14,vehicle_5,vehicle,5,0.0
2,18.7,Task_106,vehicle_8,vehicle_8,RSU_3,rsu,5,0.0
2,18.7,Task_102,vehicle_7,vehicle_7,vehicle_6,vehicle,6,0.0
2,18.9,Task_100,vehicle_6,vehicle_6,vehicle_7,vehicle,6,0.0
2,18.9,Task_109,vehicle_10,vehicle_10,vehicle_7,vehicle,5,0.0
2,19.0,Task_118,vehicle_15,vehicle_15,vehicle_0,vehicle,5,0.0
2,19.2,Task_101,vehicle_6,vehicle_6,vehicle_7,vehicle,5,0.0
2,19.3,Task_90,UAV_0,UAV_0,vehicle_12,vehicle,6,0.0
2,19.5,Task_107,vehicle_8,vehicle_8,vehicle_18,vehicle,5,0.0
2,19.6,Task_92,UAV_1,UAV_1,RSU_2,rsu,6,0.0
2,19.6,Task_93,UAV_1,UAV_1,RSU_2,rsu,6,0.0
2,19.7,Task_96,vehicle_2,vehicle_2,vehicle_7,vehicle,6,0.0
2,19.7,Task_114,vehicle_14,vehicle_14,vehicle_5,vehicle,5,0.0
2,19.8,Task_99,vehicle_5,vehicle_5,vehicle_14,vehicle,6,0.0
2,19.8,Task_115,vehicle_14,vehicle_14,vehicle_5,vehicle,5,0.0
2,19.9,Task_119,vehicle_15,vehicle_15,vehicle_0,vehicle,6,0.0
2,20.0,Task_97,vehicle_2,vehicle_2,vehicle_7,vehicle,6,0.0
